{"stats":{"minecraft:killed":{"minecraft:spider":30,"minecraft:creeper":2,"minecraft:sheep":1,"minecraft:zombie":4,"minecraft:chicken":3},"minecraft:killed_by":{"mutantmonsters:mutant_zombie":1,"minecraft:spider":3,"minecraft:zombie":6,"kevin_trophy:blister_zombie":1},"minecraft:picked_up":{"minecraft:birch_log":5,"minecraft:fishing_rod":1,"minecraft:leather_chestplate":1,"minecraft:crafting_table":2,"minecraft:feather":6,"minecraft:cooked_beef":2,"minecraft:chicken":2,"minecraft:water_bucket":2,"minecraft:anvil":2,"minecraft:potato":6,"minecraft:oak_log":23,"gravestone:obituary":8,"minecraft:string":43,"minecraft:dirt":22,"minecraft:item_frame":1,"minecraft:experience_bottle":4,"hunting_delight:sheepcorpse":2,"hunting_delight:chitinous_armor_boots":1,"minecraft:stone_bricks":3,"minecraft:gray_terracotta":4,"minecraft:wheat_seeds":2,"minecraft:stone_pickaxe":1,"minecraft:blue_wool":16,"minecraft:oak_planks":1,"minecraft:book":21,"minecraft:egg":4,"minecraft:furnace":1,"minecraft:stick":5,"hunting_delight:humanmeat":12,"minecraft:torch":5,"minecraft:rotten_flesh":2,"minecraft:carrot":12,"hunting_delight:chitin":20,"minecraft:dark_oak_log":3,"minecraft:dark_oak_planks":4,"minecraft:spider_eye":18,"minecraft:goat_horn":1,"hunting_delight:animal_fat":8,"minecraft:quartz_bricks":3,"minecraft:arrow":4,"minecraft:light_gray_bed":4,"minecraft:stone_axe":1,"minecraft:beetroot_seeds":2,"k_turrets:raw_titanium":5,"hunting_delight:broken_bone":199,"hunting_delight:worm":2,"minecraft:oak_sapling":6,"hunting_delight:chickencorpse":4,"minecraft:iron_bars":3,"minecraft:coal":3,"minecraft:cobblestone":40},"minecraft:dropped":{"minecraft:anvil":1,"minecraft:water_bucket":3,"minecraft:goat_horn":1,"minecraft:wheat_seeds":2,"minecraft:stone_sword":1,"minecraft:crafting_table":1,"minecraft:experience_bottle":2,"minecraft:feather":4,"minecraft:cobblestone":1,"hunting_delight:broken_bone":72,"hunting_delight:chitin":20,"minecraft:quartz_bricks":3,"minecraft:carrot":8,"minecraft:stick":3,"minecraft:item_frame":1,"minecraft:potato":2,"minecraft:gray_terracotta":4,"minecraft:torch":3,"minecraft:wooden_sword":1,"k_turrets:raw_titanium":5,"minecraft:stone_bricks":1,"minecraft:arrow":4,"gravestone:obituary":13,"minecraft:beetroot_seeds":4,"hunting_delight:chickencorpse":2,"minecraft:spider_eye":4,"minecraft:iron_bars":3,"minecraft:stone_pickaxe":1,"hunting_delight:sheepcorpse":2,"minecraft:dark_oak_planks":4,"minecraft:egg":2},"minecraft:crafted":{"minecraft:wooden_sword":1,"minecraft:oak_planks":16,"minecraft:stone_shovel":1,"minecraft:crafting_table":3,"minecraft:wooden_pickaxe":2,"minecraft:bone_meal":63,"firstaid:plaster":4,"minecraft:stone_axe":3,"minecraft:white_wool":8,"minecraft:stick":16,"minecraft:stone_pickaxe":2,"minecraft:stone_sword":2,"minecraft:snow_block":1,"firstaid:bandage":2,"minecraft:dark_oak_planks":12,"minecraft:torch":4},"minecraft:custom":{"minecraft:interact_with_furnace":1,"minecraft:mob_kills":42,"minecraft:interact_with_crafting_table":21,"minecraft:open_barrel":5,"minecraft:leave_game":5,"minecraft:time_since_death":1475,"minecraft:sleep_in_bed":4,"minecraft:climb_one_cm":22322,"minecraft:time_since_rest":1512,"minecraft:sprint_one_cm":163538,"minecraft:damage_taken":2716,"minecraft:walk_one_cm":263838,"minecraft:drop":60,"minecraft:damage_dealt":6151,"minecraft:swim_one_cm":2530,"minecraft:fly_one_cm":195966,"minecraft:open_chest":27,"minecraft:crouch_one_cm":2876,"minecraft:play_time":92210,"minecraft:deaths":11,"minecraft:sneak_time":965,"minecraft:walk_under_water_one_cm":3349,"minecraft:jump":1741,"minecraft:walk_on_water_one_cm":14823,"minecraft:total_world_time":92210,"minecraft:fall_one_cm":42373},"minecraft:used":{"minecraft:water_bucket":3,"minecraft:stone_sword":89,"minecraft:stone_shovel":1,"minecraft:stone_pickaxe":57,"minecraft:wooden_pickaxe":13,"minecraft:torch":6,"minecraft:crafting_table":3,"minecraft:oak_log":1,"minecraft:bread":1,"minecraft:stone_axe":76,"minecraft:wooden_sword":34,"minecraft:cobblestone":15,"minecraft:oak_sapling":3,"minecraft:bucket":4,"minecraft:light_gray_bed":4},"minecraft:mined":{"minecraft:light_blue_stained_glass_pane":2,"minecraft:gray_terracotta":1,"minecraft:blue_stained_glass":1,"hunting_delight:sheepcorpse":1,"minecraft:gray_stained_glass_pane":8,"minecraft:crafting_table":1,"gravestone:gravestone":9,"minecraft:grass_block":5,"minecraft:light_gray_bed":4,"minecraft:glass":10,"minecraft:tall_grass":10,"minecraft:cobblestone":13,"minecraft:quartz_bricks":1,"minecraft:oak_planks":1,"minecraft:wall_torch":5,"minecraft:light_blue_stained_glass":1,"minecraft:furnace":1,"minecraft:cobblestone_wall":2,"minecraft:birch_log":7,"minecraft:anvil":1,"k_turrets:titanium_ore":4,"minecraft:grass":10,"minecraft:oak_log":23,"minecraft:bookshelf":7,"minecraft:coal_ore":3,"hunting_delight:chickencorpse":2,"minecraft:iron_bars":2,"minecraft:cobweb":3,"minecraft:stone":26,"minecraft:stone_bricks":2,"minecraft:oak_leaves":8}},"DataVersion":3120}