{"stats":{"minecraft:killed":{"minecraft:chicken":3,"minecraft:creeper":1},"minecraft:killed_by":{"mutantmonsters:mutant_zombie":1,"minecraft:zombie":1},"minecraft:picked_up":{"minecraft:stick":2,"minecraft:feather":2,"minecraft:chicken":2,"minecraft:oak_log":20,"gravestone:obituary":1,"hunting_delight:animal_fat":7,"minecraft:dirt":3,"hunting_delight:sheepcorpse":1,"minecraft:stone_bricks":1,"minecraft:wheat_seeds":2,"k_turrets:raw_titanium":2,"hunting_delight:broken_bone":10,"hunting_delight:worm":2,"minecraft:oak_sapling":6,"hunting_delight:chickencorpse":2,"minecraft:cobblestone":20,"minecraft:egg":1},"minecraft:dropped":{"gravestone:obituary":2},"minecraft:crafted":{"minecraft:oak_planks":12,"minecraft:stone_shovel":1,"minecraft:crafting_table":1,"minecraft:stick":8,"minecraft:wooden_pickaxe":1,"minecraft:stone_pickaxe":1,"minecraft:stone_sword":1,"minecraft:stone_axe":1},"minecraft:custom":{"minecraft:time_since_rest":10886,"minecraft:sprint_one_cm":33644,"minecraft:damage_taken":705,"minecraft:walk_one_cm":71271,"minecraft:mob_kills":4,"minecraft:drop":2,"minecraft:damage_dealt":537,"minecraft:interact_with_crafting_table":2,"minecraft:fly_one_cm":39975,"minecraft:open_barrel":2,"minecraft:open_chest":4,"minecraft:play_time":21337,"minecraft:deaths":2,"minecraft:walk_under_water_one_cm":1714,"minecraft:jump":413,"minecraft:leave_game":1,"minecraft:time_since_death":10827,"minecraft:walk_on_water_one_cm":3809,"minecraft:sleep_in_bed":1,"minecraft:total_world_time":21337,"minecraft:climb_one_cm":11915,"minecraft:fall_one_cm":10753},"minecraft:used":{"minecraft:stone_sword":19,"minecraft:stone_pickaxe":13,"minecraft:wooden_pickaxe":9,"minecraft:stone_axe":27,"minecraft:cobblestone":2,"minecraft:crafting_table":1,"minecraft:oak_sapling":3},"minecraft:mined":{"hunting_delight:sheepcorpse":1,"gravestone:gravestone":1,"k_turrets:titanium_ore":1,"minecraft:grass":8,"minecraft:grass_block":3,"minecraft:oak_log":20,"hunting_delight:chickencorpse":2,"minecraft:tall_grass":7,"minecraft:cobblestone":9,"minecraft:stone":11}},"DataVersion":3120}