{"stats":{"minecraft:killed":{"minecraft:spider":8,"minecraft:creeper":2,"minecraft:chicken":3},"minecraft:killed_by":{"mutantmonsters:mutant_zombie":1,"minecraft:spider":1,"minecraft:zombie":1},"minecraft:picked_up":{"minecraft:feather":2,"minecraft:chicken":2,"minecraft:anvil":1,"minecraft:oak_log":20,"gravestone:obituary":1,"minecraft:dirt":4,"minecraft:string":8,"hunting_delight:sheepcorpse":1,"minecraft:stone_bricks":2,"minecraft:wheat_seeds":2,"minecraft:egg":1,"minecraft:furnace":1,"minecraft:book":9,"minecraft:stick":2,"hunting_delight:chitin":5,"minecraft:spider_eye":4,"hunting_delight:animal_fat":7,"minecraft:quartz_bricks":1,"minecraft:light_gray_bed":1,"k_turrets:raw_titanium":5,"hunting_delight:broken_bone":39,"minecraft:oak_sapling":6,"hunting_delight:worm":2,"hunting_delight:chickencorpse":2,"minecraft:iron_bars":1,"minecraft:coal":3,"minecraft:cobblestone":21},"minecraft:dropped":{"minecraft:feather":2,"gravestone:obituary":2},"minecraft:crafted":{"minecraft:oak_planks":12,"minecraft:stone_shovel":1,"minecraft:crafting_table":1,"minecraft:wooden_pickaxe":1,"minecraft:stone_axe":1,"minecraft:stick":8,"minecraft:stone_pickaxe":1,"minecraft:stone_sword":1,"minecraft:snow_block":1},"minecraft:custom":{"minecraft:interact_with_furnace":1,"minecraft:mob_kills":13,"minecraft:interact_with_crafting_table":2,"minecraft:open_barrel":2,"minecraft:leave_game":1,"minecraft:time_since_death":2846,"minecraft:sleep_in_bed":3,"minecraft:climb_one_cm":16499,"minecraft:time_since_rest":2889,"minecraft:sprint_one_cm":44579,"minecraft:damage_taken":935,"minecraft:walk_one_cm":107139,"minecraft:drop":3,"minecraft:damage_dealt":2037,"minecraft:fly_one_cm":54606,"minecraft:open_chest":6,"minecraft:play_time":33337,"minecraft:deaths":3,"minecraft:walk_under_water_one_cm":1855,"minecraft:jump":585,"minecraft:walk_on_water_one_cm":4441,"minecraft:total_world_time":33337,"minecraft:fall_one_cm":15230},"minecraft:used":{"minecraft:stone_sword":25,"minecraft:stone_shovel":1,"minecraft:stone_pickaxe":30,"minecraft:wooden_pickaxe":9,"minecraft:crafting_table":1,"minecraft:stone_axe":48,"minecraft:cobblestone":11,"minecraft:oak_sapling":3},"minecraft:mined":{"minecraft:light_blue_stained_glass_pane":2,"hunting_delight:sheepcorpse":1,"minecraft:gray_stained_glass_pane":2,"gravestone:gravestone":1,"minecraft:grass_block":4,"minecraft:light_gray_bed":1,"minecraft:glass":2,"minecraft:tall_grass":9,"minecraft:cobblestone":10,"minecraft:quartz_bricks":1,"minecraft:furnace":1,"minecraft:anvil":1,"minecraft:grass":10,"k_turrets:titanium_ore":4,"minecraft:bookshelf":3,"minecraft:oak_log":20,"minecraft:coal_ore":3,"hunting_delight:chickencorpse":2,"minecraft:iron_bars":1,"minecraft:stone":11,"minecraft:stone_bricks":1,"minecraft:oak_leaves":1}},"DataVersion":3120}