{"stats":{"minecraft:killed":{"minecraft:spider":28,"minecraft:creeper":2,"minecraft:sheep":1,"minecraft:zombie":1,"minecraft:chicken":3},"minecraft:killed_by":{"mutantmonsters:mutant_zombie":1,"minecraft:spider":3,"minecraft:zombie":2,"kevin_trophy:blister_zombie":1},"minecraft:picked_up":{"minecraft:birch_log":5,"minecraft:crafting_table":2,"minecraft:feather":6,"minecraft:chicken":2,"minecraft:anvil":1,"minecraft:potato":6,"minecraft:oak_log":23,"gravestone:obituary":8,"minecraft:string":34,"minecraft:dirt":6,"minecraft:experience_bottle":4,"hunting_delight:sheepcorpse":1,"minecraft:stone_bricks":3,"minecraft:gray_terracotta":1,"minecraft:wheat_seeds":2,"minecraft:oak_planks":1,"minecraft:book":21,"minecraft:egg":2,"minecraft:furnace":1,"minecraft:stick":2,"hunting_delight:humanmeat":6,"minecraft:torch":5,"minecraft:carrot":12,"hunting_delight:chitin":20,"minecraft:dark_oak_log":3,"minecraft:dark_oak_planks":4,"minecraft:spider_eye":17,"minecraft:goat_horn":1,"hunting_delight:animal_fat":8,"minecraft:quartz_bricks":3,"minecraft:arrow":4,"minecraft:light_gray_bed":4,"minecraft:beetroot_seeds":2,"k_turrets:raw_titanium":5,"hunting_delight:broken_bone":183,"hunting_delight:worm":2,"minecraft:oak_sapling":6,"hunting_delight:chickencorpse":2,"minecraft:iron_bars":3,"minecraft:coal":3,"minecraft:cobblestone":27},"minecraft:dropped":{"minecraft:wheat_seeds":2,"minecraft:stone_sword":1,"minecraft:crafting_table":1,"minecraft:experience_bottle":2,"minecraft:feather":2,"minecraft:cobblestone":1,"hunting_delight:broken_bone":64,"hunting_delight:chitin":5,"minecraft:quartz_bricks":2,"minecraft:carrot":8,"minecraft:potato":2,"minecraft:torch":3,"minecraft:beetroot_seeds":4,"gravestone:obituary":11,"minecraft:spider_eye":4,"minecraft:iron_bars":1,"minecraft:arrow":4,"minecraft:dark_oak_planks":4,"minecraft:egg":1},"minecraft:crafted":{"minecraft:oak_planks":12,"minecraft:stone_shovel":1,"minecraft:crafting_table":3,"minecraft:wooden_pickaxe":1,"minecraft:bone_meal":61,"firstaid:plaster":1,"minecraft:stone_axe":1,"minecraft:white_wool":5,"minecraft:stick":8,"minecraft:stone_pickaxe":1,"minecraft:stone_sword":1,"minecraft:snow_block":1,"firstaid:bandage":1,"minecraft:dark_oak_planks":12,"minecraft:torch":4},"minecraft:custom":{"minecraft:interact_with_furnace":1,"minecraft:mob_kills":36,"minecraft:interact_with_crafting_table":6,"minecraft:open_barrel":2,"minecraft:leave_game":3,"minecraft:time_since_death":1491,"minecraft:sleep_in_bed":4,"minecraft:climb_one_cm":21240,"minecraft:time_since_rest":1515,"minecraft:sprint_one_cm":118257,"minecraft:damage_taken":1716,"minecraft:walk_one_cm":203278,"minecraft:drop":33,"minecraft:damage_dealt":5140,"minecraft:swim_one_cm":2530,"minecraft:fly_one_cm":136152,"minecraft:open_chest":20,"minecraft:crouch_one_cm":2876,"minecraft:play_time":68176,"minecraft:deaths":7,"minecraft:sneak_time":648,"minecraft:walk_under_water_one_cm":3238,"minecraft:jump":1284,"minecraft:walk_on_water_one_cm":10161,"minecraft:total_world_time":68176,"minecraft:fall_one_cm":31344},"minecraft:used":{"minecraft:water_bucket":3,"minecraft:stone_sword":84,"minecraft:stone_shovel":1,"minecraft:stone_pickaxe":47,"minecraft:wooden_pickaxe":9,"minecraft:torch":6,"minecraft:crafting_table":2,"minecraft:oak_log":1,"minecraft:bread":1,"minecraft:stone_axe":76,"minecraft:cobblestone":15,"minecraft:oak_sapling":3,"minecraft:bucket":4,"minecraft:light_gray_bed":3},"minecraft:mined":{"minecraft:light_blue_stained_glass_pane":2,"minecraft:gray_terracotta":1,"minecraft:blue_stained_glass":1,"hunting_delight:sheepcorpse":1,"minecraft:gray_stained_glass_pane":8,"minecraft:crafting_table":1,"gravestone:gravestone":4,"minecraft:grass_block":5,"minecraft:light_gray_bed":4,"minecraft:glass":8,"minecraft:tall_grass":9,"minecraft:cobblestone":13,"minecraft:quartz_bricks":1,"minecraft:oak_planks":1,"minecraft:wall_torch":5,"minecraft:light_blue_stained_glass":1,"minecraft:furnace":1,"minecraft:cobblestone_wall":2,"minecraft:birch_log":7,"minecraft:anvil":1,"k_turrets:titanium_ore":4,"minecraft:grass":10,"minecraft:oak_log":23,"minecraft:bookshelf":7,"minecraft:coal_ore":3,"hunting_delight:chickencorpse":2,"minecraft:iron_bars":2,"minecraft:cobweb":2,"minecraft:stone":13,"minecraft:stone_bricks":2,"minecraft:oak_leaves":7}},"DataVersion":3120}