{"stats":{"minecraft:killed":{"minecraft:spider":33,"minecraft:creeper":2,"minecraft:sheep":1,"minecraft:zombie":5,"minecraft:chicken":3},"minecraft:killed_by":{"mutantmonsters:mutant_zombie":1,"minecraft:spider":4,"minecraft:zombie":6,"kevin_trophy:blister_zombie":1},"minecraft:picked_up":{"minecraft:birch_log":5,"minecraft:fishing_rod":1,"minecraft:leather_chestplate":1,"minecraft:crafting_table":2,"minecraft:feather":6,"minecraft:cooked_beef":2,"minecraft:chicken":2,"minecraft:anvil":2,"minecraft:water_bucket":2,"minecraft:potato":6,"minecraft:oak_log":23,"gravestone:obituary":11,"minecraft:dirt":23,"minecraft:string":48,"minecraft:item_frame":1,"minecraft:experience_bottle":4,"hunting_delight:sheepcorpse":2,"hunting_delight:chitinous_armor_boots":1,"minecraft:stone_bricks":3,"minecraft:gray_terracotta":4,"minecraft:wheat_seeds":8,"minecraft:stone_pickaxe":1,"minecraft:smooth_quartz":1,"minecraft:moss_block":1,"minecraft:chest":1,"minecraft:oak_planks":1,"minecraft:book":30,"minecraft:egg":4,"minecraft:blue_wool":16,"minecraft:furnace":1,"minecraft:stick":5,"hunting_delight:humanmeat":16,"minecraft:torch":6,"hunting_delight:chitin":22,"minecraft:carrot":12,"minecraft:dark_oak_log":3,"minecraft:goat_horn":1,"minecraft:spider_eye":18,"hunting_delight:animal_fat":8,"minecraft:dark_oak_planks":4,"minecraft:quartz_bricks":3,"minecraft:arrow":4,"minecraft:light_gray_bed":4,"minecraft:rotten_flesh":5,"minecraft:beetroot_seeds":2,"minecraft:stone_axe":1,"k_turrets:raw_titanium":5,"hunting_delight:broken_bone":212,"hunting_delight:worm":2,"minecraft:oak_sapling":6,"minecraft:iron_bars":5,"hunting_delight:chickencorpse":4,"minecraft:coal":3,"minecraft:cobblestone":40},"minecraft:dropped":{"minecraft:anvil":1,"minecraft:water_bucket":3,"minecraft:goat_horn":1,"minecraft:wheat_seeds":8,"minecraft:stone_sword":1,"minecraft:crafting_table":1,"minecraft:experience_bottle":2,"minecraft:rotten_flesh":3,"minecraft:feather":4,"minecraft:cobblestone":1,"hunting_delight:broken_bone":83,"hunting_delight:chitin":20,"minecraft:quartz_bricks":3,"minecraft:carrot":8,"minecraft:item_frame":1,"minecraft:stick":3,"minecraft:potato":2,"minecraft:gray_terracotta":4,"minecraft:torch":3,"minecraft:wooden_sword":1,"gravestone:obituary":19,"minecraft:spider_eye":18,"hunting_delight:chickencorpse":2,"k_turrets:raw_titanium":5,"minecraft:stone_bricks":1,"minecraft:beetroot_seeds":4,"minecraft:arrow":4,"minecraft:iron_bars":3,"minecraft:stone_pickaxe":1,"hunting_delight:sheepcorpse":2,"minecraft:dark_oak_planks":4,"minecraft:egg":3},"minecraft:crafted":{"minecraft:wooden_sword":1,"minecraft:oak_planks":16,"minecraft:stone_shovel":1,"minecraft:crafting_table":3,"minecraft:wooden_pickaxe":2,"minecraft:bone_meal":63,"firstaid:plaster":4,"minecraft:stone_axe":3,"minecraft:white_wool":8,"minecraft:stick":16,"minecraft:stone_pickaxe":2,"minecraft:stone_sword":2,"minecraft:snow_block":1,"firstaid:bandage":2,"minecraft:dark_oak_planks":12,"minecraft:torch":4},"minecraft:custom":{"minecraft:interact_with_furnace":1,"minecraft:mob_kills":47,"minecraft:interact_with_crafting_table":21,"minecraft:open_barrel":5,"minecraft:leave_game":7,"minecraft:time_since_death":936,"minecraft:sleep_in_bed":4,"minecraft:climb_one_cm":28555,"minecraft:time_since_rest":992,"minecraft:sprint_one_cm":198411,"minecraft:damage_taken":2997,"minecraft:walk_one_cm":305612,"minecraft:drop":71,"minecraft:damage_dealt":6805,"minecraft:swim_one_cm":2530,"minecraft:fly_one_cm":233274,"minecraft:open_chest":35,"minecraft:crouch_one_cm":2876,"minecraft:play_time":105622,"minecraft:deaths":12,"minecraft:sneak_time":1049,"minecraft:walk_under_water_one_cm":3349,"minecraft:boat_one_cm":35945,"minecraft:jump":2066,"minecraft:walk_on_water_one_cm":14967,"minecraft:total_world_time":105622,"minecraft:fall_one_cm":46937},"minecraft:used":{"minecraft:water_bucket":3,"minecraft:stone_sword":120,"minecraft:stone_shovel":1,"minecraft:stone_pickaxe":61,"minecraft:wooden_pickaxe":13,"minecraft:torch":7,"minecraft:dirt":1,"minecraft:crafting_table":3,"minecraft:oak_log":1,"minecraft:bread":1,"minecraft:stone_axe":82,"minecraft:wooden_sword":34,"minecraft:cobblestone":15,"minecraft:oak_sapling":3,"minecraft:bucket":4,"minecraft:cooked_beef":1,"minecraft:light_gray_bed":4},"minecraft:mined":{"minecraft:light_blue_stained_glass_pane":2,"minecraft:gray_terracotta":1,"minecraft:blue_stained_glass":1,"hunting_delight:sheepcorpse":1,"minecraft:gray_stained_glass_pane":12,"minecraft:crafting_table":1,"gravestone:gravestone":11,"minecraft:grass_block":6,"minecraft:chest":1,"minecraft:white_stained_glass_pane":2,"minecraft:light_gray_bed":4,"minecraft:glass":12,"minecraft:tall_grass":10,"minecraft:cobblestone":13,"minecraft:quartz_bricks":1,"minecraft:oak_planks":1,"minecraft:moss_block":1,"minecraft:wall_torch":5,"minecraft:spawner":1,"minecraft:light_blue_stained_glass":3,"minecraft:red_terracotta":1,"minecraft:furnace":1,"minecraft:cobblestone_wall":2,"minecraft:birch_log":7,"minecraft:anvil":1,"k_turrets:titanium_ore":4,"minecraft:grass":10,"minecraft:oak_log":23,"minecraft:bookshelf":10,"minecraft:coal_ore":3,"hunting_delight:chickencorpse":2,"minecraft:iron_bars":4,"minecraft:cobweb":8,"minecraft:stone":26,"minecraft:stone_bricks":2,"minecraft:oak_leaves":8}},"DataVersion":3120}