{"stats":{"minecraft:killed_by":{"minecraft:zombie":1,"mutantmonsters:mutant_zombie":1},"minecraft:picked_up":{"minecraft:stick":2,"hunting_delight:sheepcorpse":1,"minecraft:oak_log":5,"gravestone:obituary":1,"minecraft:oak_sapling":3,"minecraft:dirt":1,"minecraft:cobblestone":9},"minecraft:dropped":{"gravestone:obituary":2},"minecraft:crafted":{"minecraft:stone_sword":1,"minecraft:oak_planks":12,"minecraft:stone_shovel":1,"minecraft:stone_axe":1,"minecraft:crafting_table":1,"minecraft:stick":8,"minecraft:stone_pickaxe":1,"minecraft:wooden_pickaxe":1},"minecraft:custom":{"minecraft:time_since_rest":369,"minecraft:open_chest":3,"minecraft:play_time":10820,"minecraft:sprint_one_cm":17733,"minecraft:walk_one_cm":32791,"minecraft:damage_taken":545,"minecraft:deaths":2,"minecraft:walk_under_water_one_cm":1714,"minecraft:drop":2,"minecraft:jump":152,"minecraft:damage_dealt":246,"minecraft:leave_game":1,"minecraft:time_since_death":310,"minecraft:walk_on_water_one_cm":2973,"minecraft:sleep_in_bed":1,"minecraft:total_world_time":10820,"minecraft:climb_one_cm":11915,"minecraft:interact_with_crafting_table":2,"minecraft:fall_one_cm":4778,"minecraft:fly_one_cm":25846},"minecraft:used":{"minecraft:stone_sword":9,"minecraft:crafting_table":1,"minecraft:oak_sapling":3,"minecraft:wooden_pickaxe":9},"minecraft:mined":{"minecraft:grass":3,"minecraft:oak_log":5,"minecraft:grass_block":1,"minecraft:tall_grass":5,"minecraft:cobblestone":9,"hunting_delight:sheepcorpse":1}},"DataVersion":3120}