{"stats":{"minecraft:killed":{"minecraft:spider":25,"minecraft:creeper":2,"minecraft:chicken":3},"minecraft:killed_by":{"mutantmonsters:mutant_zombie":1,"minecraft:spider":3,"minecraft:zombie":1},"minecraft:picked_up":{"minecraft:crafting_table":2,"minecraft:feather":6,"minecraft:chicken":2,"minecraft:anvil":1,"minecraft:potato":6,"minecraft:oak_log":20,"gravestone:obituary":2,"minecraft:dirt":5,"minecraft:string":29,"minecraft:experience_bottle":4,"hunting_delight:sheepcorpse":1,"minecraft:stone_bricks":2,"minecraft:wheat_seeds":2,"minecraft:egg":1,"minecraft:furnace":1,"minecraft:book":12,"minecraft:stick":2,"hunting_delight:humanmeat":2,"minecraft:torch":4,"minecraft:carrot":12,"hunting_delight:chitin":17,"minecraft:dark_oak_log":3,"minecraft:spider_eye":15,"minecraft:goat_horn":1,"hunting_delight:animal_fat":7,"minecraft:quartz_bricks":3,"minecraft:arrow":4,"minecraft:light_gray_bed":4,"minecraft:beetroot_seeds":2,"k_turrets:raw_titanium":5,"hunting_delight:broken_bone":90,"minecraft:oak_sapling":6,"hunting_delight:worm":2,"hunting_delight:chickencorpse":2,"minecraft:iron_bars":1,"minecraft:coal":3,"minecraft:cobblestone":25},"minecraft:dropped":{"minecraft:wheat_seeds":2,"minecraft:crafting_table":1,"minecraft:experience_bottle":2,"minecraft:feather":2,"minecraft:cobblestone":1,"hunting_delight:chitin":5,"minecraft:quartz_bricks":2,"minecraft:carrot":8,"minecraft:potato":2,"minecraft:beetroot_seeds":2,"minecraft:spider_eye":4,"gravestone:obituary":3,"minecraft:arrow":4},"minecraft:crafted":{"minecraft:oak_planks":12,"minecraft:stone_shovel":1,"minecraft:crafting_table":3,"minecraft:wooden_pickaxe":1,"minecraft:bone_meal":15,"firstaid:plaster":1,"minecraft:stone_axe":1,"minecraft:white_wool":5,"minecraft:stick":8,"firstaid:bandage":1,"minecraft:stone_pickaxe":1,"minecraft:stone_sword":1,"minecraft:snow_block":1,"minecraft:dark_oak_planks":12,"minecraft:torch":4},"minecraft:custom":{"minecraft:interact_with_furnace":1,"minecraft:mob_kills":31,"minecraft:interact_with_crafting_table":6,"minecraft:open_barrel":2,"minecraft:leave_game":2,"minecraft:time_since_death":546,"minecraft:sleep_in_bed":4,"minecraft:climb_one_cm":19403,"minecraft:time_since_rest":573,"minecraft:sprint_one_cm":77187,"minecraft:damage_taken":1285,"minecraft:walk_one_cm":152751,"minecraft:drop":18,"minecraft:damage_dealt":4447,"minecraft:crouch_one_cm":2081,"minecraft:fly_one_cm":89355,"minecraft:open_chest":11,"minecraft:play_time":50772,"minecraft:deaths":5,"minecraft:sneak_time":498,"minecraft:walk_under_water_one_cm":1983,"minecraft:jump":849,"minecraft:walk_on_water_one_cm":5834,"minecraft:total_world_time":50772,"minecraft:fall_one_cm":21601},"minecraft:used":{"minecraft:stone_sword":82,"minecraft:stone_shovel":1,"minecraft:stone_pickaxe":34,"minecraft:wooden_pickaxe":9,"minecraft:torch":6,"minecraft:crafting_table":2,"minecraft:stone_axe":56,"minecraft:cobblestone":15,"minecraft:oak_sapling":3,"minecraft:light_gray_bed":3},"minecraft:mined":{"minecraft:light_blue_stained_glass_pane":2,"minecraft:blue_stained_glass":1,"hunting_delight:sheepcorpse":1,"minecraft:crafting_table":1,"minecraft:gray_stained_glass_pane":6,"gravestone:gravestone":3,"minecraft:grass_block":4,"minecraft:light_gray_bed":4,"minecraft:glass":8,"minecraft:tall_grass":9,"minecraft:cobblestone":13,"minecraft:quartz_bricks":1,"minecraft:wall_torch":5,"minecraft:furnace":1,"minecraft:anvil":1,"minecraft:grass":10,"k_turrets:titanium_ore":4,"minecraft:bookshelf":4,"minecraft:oak_log":20,"minecraft:coal_ore":3,"hunting_delight:chickencorpse":2,"minecraft:iron_bars":1,"minecraft:cobweb":2,"minecraft:stone":11,"minecraft:stone_bricks":1,"minecraft:oak_leaves":1}},"DataVersion":3120}