{"stats":{"minecraft:killed":{"minecraft:spider":36,"minecraft:chicken":3,"minecraft:rabbit":1,"minecraft:creeper":4,"minecraft:sheep":1,"minecraft:zombie":6,"minecraft:blaze":1},"minecraft:custom":{"minecraft:mob_kills":55,"minecraft:interact_with_crafting_table":22,"minecraft:open_barrel":18,"minecraft:leave_game":12,"minecraft:time_since_death":413,"minecraft:climb_one_cm":30427,"minecraft:sprint_one_cm":317037,"minecraft:walk_one_cm":471442,"minecraft:drop":86,"minecraft:play_time":173313,"minecraft:deaths":34,"minecraft:sneak_time":1357,"minecraft:walk_under_water_one_cm":22690,"minecraft:boat_one_cm":137033,"minecraft:jump":3657,"minecraft:walk_on_water_one_cm":51377,"minecraft:total_world_time":173313,"minecraft:interact_with_furnace":2,"minecraft:sleep_in_bed":4,"minecraft:time_since_rest":498,"minecraft:damage_taken":8146,"minecraft:damage_dealt":8295,"minecraft:swim_one_cm":31975,"minecraft:crouch_one_cm":3119,"minecraft:fly_one_cm":467196,"minecraft:open_chest":40,"minecraft:fall_one_cm":86460},"minecraft:crafted":{"minecraft:wooden_sword":1,"minecraft:oak_planks":32,"minecraft:stone_shovel":1,"minecraft:bone_meal":63,"firstaid:plaster":6,"minecraft:stone_pickaxe":2,"minecraft:dark_oak_planks":12,"minecraft:crafting_table":3,"minecraft:wooden_pickaxe":2,"minecraft:blue_bed":1,"minecraft:stone_axe":3,"minecraft:oak_boat":1,"minecraft:white_wool":8,"minecraft:stick":20,"minecraft:wooden_axe":1,"minecraft:stone_sword":2,"minecraft:snow_block":1,"firstaid:bandage":3,"minecraft:torch":4},"minecraft:used":{"minecraft:stone_sword":141,"minecraft:stone_shovel":1,"minecraft:rotten_flesh":2,"minecraft:torch":7,"minecraft:dirt":4,"minecraft:polished_diorite":2,"minecraft:wooden_axe":2,"hunting_delight:worm":1,"minecraft:stone_bricks":1,"minecraft:oak_sapling":3,"minecraft:polished_diorite_stairs":1,"minecraft:cooked_beef":1,"minecraft:light_gray_bed":4,"minecraft:water_bucket":4,"minecraft:stone_pickaxe":73,"minecraft:oak_planks":8,"minecraft:wooden_pickaxe":13,"minecraft:blue_bed":1,"minecraft:crafting_table":3,"minecraft:oak_log":1,"minecraft:bread":1,"minecraft:stone_axe":88,"minecraft:wooden_sword":34,"minecraft:cobblestone":18,"travelersbackpack:standard":5,"minecraft:bucket":4,"minecraft:smooth_stone_slab":1,"minecraft:oak_boat":1,"minecraft:smooth_stone":1},"minecraft:picked_up":{"minecraft:fishing_rod":1,"minecraft:crafting_table":2,"minecraft:wheat":2,"minecraft:chicken":2,"minecraft:anvil":2,"gravestone:obituary":15,"minecraft:string":50,"minecraft:smooth_stone_slab":4,"minecraft:item_frame":1,"minecraft:experience_bottle":4,"hunting_delight:sheepcorpse":2,"hunting_delight:chitinous_armor_boots":1,"minecraft:smooth_stone":8,"minecraft:oak_boat":2,"minecraft:redstone_torch":4,"minecraft:smooth_quartz":1,"minecraft:chest":1,"minecraft:furnace":1,"minecraft:egg":4,"minecraft:blue_wool":16,"minecraft:stick":5,"hunting_delight:humanmeat":20,"minecraft:torch":8,"minecraft:carrot":12,"hunting_delight:chitin":24,"minecraft:prismarine_crystals":15,"minecraft:goat_horn":1,"minecraft:dark_oak_planks":4,"minecraft:stone_sword":2,"minecraft:arrow":4,"minecraft:light_gray_bed":4,"minecraft:rotten_flesh":11,"minecraft:beetroot_seeds":2,"k_turrets:raw_titanium":5,"hunting_delight:worm":4,"hunting_delight:chickencorpse":4,"minecraft:iron_bars":5,"minecraft:cobblestone":40,"minecraft:birch_log":5,"minecraft:leather_chestplate":1,"minecraft:feather":6,"minecraft:cooked_beef":2,"minecraft:water_bucket":2,"minecraft:potato":6,"minecraft:oak_log":26,"minecraft:gunpowder":5,"minecraft:dirt":28,"minecraft:stone_bricks":11,"minecraft:gray_terracotta":4,"minecraft:wheat_seeds":9,"minecraft:stone_pickaxe":3,"minecraft:moss_block":1,"minecraft:oak_planks":9,"minecraft:book":30,"minecraft:music_disc_13":1,"minecraft:dark_oak_log":3,"minecraft:spider_eye":20,"hunting_delight:animal_fat":9,"minecraft:polished_diorite_stairs":2,"travelersbackpack:standard":1,"minecraft:quartz_bricks":3,"minecraft:polished_diorite":3,"minecraft:stone_axe":1,"hunting_delight:broken_bone":251,"minecraft:bread":5,"minecraft:oak_sapling":6,"minecraft:red_concrete":1,"minecraft:coal":3},"minecraft:dropped":{"minecraft:water_bucket":3,"minecraft:wheat_seeds":8,"minecraft:crafting_table":1,"minecraft:feather":4,"minecraft:cobblestone":3,"hunting_delight:broken_bone":83,"hunting_delight:chitin":20,"minecraft:item_frame":1,"minecraft:stick":3,"minecraft:torch":3,"hunting_delight:chickencorpse":2,"gravestone:obituary":29,"minecraft:wooden_sword":1,"hunting_delight:sheepcorpse":2,"minecraft:dark_oak_planks":4,"minecraft:anvil":1,"minecraft:goat_horn":1,"minecraft:stone_sword":2,"minecraft:experience_bottle":2,"minecraft:rotten_flesh":3,"minecraft:quartz_bricks":3,"minecraft:carrot":8,"minecraft:potato":2,"minecraft:gray_terracotta":4,"minecraft:beetroot_seeds":4,"k_turrets:raw_titanium":5,"minecraft:spider_eye":18,"minecraft:redstone_torch":1,"minecraft:stone_bricks":1,"minecraft:iron_bars":3,"minecraft:arrow":4,"minecraft:stone_pickaxe":2,"minecraft:egg":3},"minecraft:mined":{"minecraft:light_blue_stained_glass_pane":2,"hunting_delight:sheepcorpse":1,"minecraft:sea_lantern":6,"minecraft:gray_stained_glass_pane":12,"gravestone:gravestone":18,"minecraft:grass_block":10,"minecraft:light_gray_bed":4,"minecraft:moss_block":1,"minecraft:kelp":1,"minecraft:light_blue_stained_glass":3,"minecraft:spawner":1,"minecraft:large_fern":1,"minecraft:smooth_stone":2,"minecraft:furnace":1,"minecraft:fire":1,"minecraft:anvil":1,"minecraft:bookshelf":10,"minecraft:iron_bars":4,"minecraft:stone":26,"minecraft:gray_terracotta":1,"minecraft:blue_stained_glass":5,"travelersbackpack:standard":1,"minecraft:crafting_table":1,"minecraft:chest":1,"minecraft:white_stained_glass_pane":2,"minecraft:glass":12,"minecraft:cobblestone":13,"minecraft:tall_grass":14,"minecraft:quartz_bricks":1,"minecraft:oak_planks":9,"minecraft:wall_torch":5,"minecraft:polished_diorite_stairs":1,"minecraft:black_stained_glass":2,"minecraft:red_terracotta":1,"minecraft:cobblestone_wall":2,"minecraft:birch_log":7,"minecraft:redstone_torch":1,"minecraft:smooth_stone_slab":2,"minecraft:grass":11,"k_turrets:titanium_ore":4,"minecraft:coal_ore":3,"minecraft:oak_log":26,"hunting_delight:chickencorpse":2,"minecraft:dirt":1,"minecraft:cobweb":8,"minecraft:stone_bricks":3,"minecraft:oak_leaves":12},"minecraft:killed_by":{"mutantmonsters:mutant_zombie":1,"minecraft:creeper":4,"minecraft:spider":7,"minecraft:drowned":2,"mutantmonsters:mutant_skeleton":1,"fallout_inspired_power_armor:raider_woman":1,"minecraft:blaze":8,"minecraft:witch":2,"minecraft:zombie":7,"kevin_trophy:blister_zombie":1}},"DataVersion":3120}