{"stats":{"minecraft:killed":{"minecraft:spider":33,"minecraft:chicken":3,"minecraft:creeper":4,"minecraft:sheep":1,"minecraft:zombie":5,"minecraft:blaze":1},"minecraft:killed_by":{"mutantmonsters:mutant_zombie":1,"minecraft:spider":4,"minecraft:zombie":6,"kevin_trophy:blister_zombie":1},"minecraft:picked_up":{"minecraft:fishing_rod":1,"minecraft:crafting_table":2,"minecraft:chicken":2,"minecraft:anvil":2,"gravestone:obituary":11,"minecraft:string":48,"minecraft:item_frame":1,"minecraft:experience_bottle":4,"hunting_delight:sheepcorpse":2,"hunting_delight:chitinous_armor_boots":1,"minecraft:redstone_torch":2,"minecraft:smooth_quartz":1,"minecraft:chest":1,"minecraft:furnace":1,"minecraft:egg":4,"minecraft:blue_wool":16,"minecraft:stick":5,"hunting_delight:humanmeat":16,"minecraft:torch":6,"minecraft:carrot":12,"hunting_delight:chitin":22,"minecraft:goat_horn":1,"minecraft:dark_oak_planks":4,"minecraft:stone_sword":1,"minecraft:arrow":4,"minecraft:light_gray_bed":4,"minecraft:rotten_flesh":5,"minecraft:beetroot_seeds":2,"k_turrets:raw_titanium":5,"hunting_delight:worm":2,"hunting_delight:chickencorpse":4,"minecraft:iron_bars":5,"minecraft:cobblestone":40,"minecraft:birch_log":5,"minecraft:cooked_beef":2,"minecraft:leather_chestplate":1,"minecraft:feather":6,"minecraft:water_bucket":2,"minecraft:potato":6,"minecraft:oak_log":23,"minecraft:gunpowder":2,"minecraft:dirt":23,"minecraft:stone_bricks":4,"minecraft:gray_terracotta":4,"minecraft:wheat_seeds":8,"minecraft:stone_pickaxe":1,"minecraft:moss_block":1,"minecraft:oak_planks":1,"minecraft:book":30,"minecraft:dark_oak_log":3,"minecraft:spider_eye":18,"minecraft:polished_diorite_stairs":1,"hunting_delight:animal_fat":8,"minecraft:quartz_bricks":3,"minecraft:stone_axe":1,"hunting_delight:broken_bone":217,"minecraft:oak_sapling":6,"minecraft:coal":3},"minecraft:dropped":{"minecraft:water_bucket":3,"minecraft:wheat_seeds":8,"minecraft:crafting_table":1,"minecraft:feather":4,"minecraft:cobblestone":1,"hunting_delight:broken_bone":83,"hunting_delight:chitin":20,"minecraft:item_frame":1,"minecraft:stick":3,"minecraft:torch":3,"hunting_delight:chickencorpse":2,"gravestone:obituary":19,"minecraft:wooden_sword":1,"hunting_delight:sheepcorpse":2,"minecraft:dark_oak_planks":4,"minecraft:anvil":1,"minecraft:goat_horn":1,"minecraft:stone_sword":2,"minecraft:experience_bottle":2,"minecraft:rotten_flesh":3,"minecraft:quartz_bricks":3,"minecraft:carrot":8,"minecraft:potato":2,"minecraft:gray_terracotta":4,"minecraft:beetroot_seeds":4,"minecraft:redstone_torch":1,"k_turrets:raw_titanium":5,"minecraft:stone_bricks":1,"minecraft:spider_eye":18,"minecraft:iron_bars":3,"minecraft:arrow":4,"minecraft:stone_pickaxe":1,"minecraft:egg":3},"minecraft:crafted":{"minecraft:wooden_sword":1,"minecraft:oak_planks":16,"minecraft:stone_shovel":1,"minecraft:bone_meal":63,"firstaid:plaster":4,"minecraft:stone_pickaxe":2,"minecraft:dark_oak_planks":12,"minecraft:crafting_table":3,"minecraft:wooden_pickaxe":2,"minecraft:stone_axe":3,"minecraft:white_wool":8,"minecraft:stick":16,"firstaid:bandage":2,"minecraft:stone_sword":2,"minecraft:snow_block":1,"minecraft:torch":4},"minecraft:custom":{"minecraft:mob_kills":49,"minecraft:interact_with_crafting_table":21,"minecraft:open_barrel":5,"minecraft:leave_game":8,"minecraft:time_since_death":10801,"minecraft:climb_one_cm":28555,"minecraft:sprint_one_cm":205313,"minecraft:walk_one_cm":325781,"minecraft:drop":73,"minecraft:play_time":115487,"minecraft:deaths":12,"minecraft:sneak_time":1195,"minecraft:walk_under_water_one_cm":3567,"minecraft:boat_one_cm":94190,"minecraft:jump":2160,"minecraft:walk_on_water_one_cm":20244,"minecraft:total_world_time":115487,"minecraft:interact_with_furnace":1,"minecraft:sleep_in_bed":4,"minecraft:time_since_rest":10857,"minecraft:damage_taken":3261,"minecraft:damage_dealt":7295,"minecraft:swim_one_cm":2530,"minecraft:fly_one_cm":247011,"minecraft:open_chest":37,"minecraft:crouch_one_cm":2950,"minecraft:fall_one_cm":47773},"minecraft:used":{"minecraft:stone_sword":124,"minecraft:stone_shovel":1,"minecraft:torch":7,"minecraft:dirt":1,"minecraft:stone_bricks":1,"minecraft:oak_sapling":3,"minecraft:polished_diorite_stairs":1,"minecraft:cooked_beef":1,"minecraft:light_gray_bed":4,"minecraft:water_bucket":4,"minecraft:stone_pickaxe":63,"minecraft:wooden_pickaxe":13,"minecraft:crafting_table":3,"minecraft:oak_log":1,"minecraft:bread":1,"minecraft:stone_axe":86,"minecraft:wooden_sword":34,"minecraft:cobblestone":15,"travelersbackpack:standard":3,"minecraft:bucket":4},"minecraft:mined":{"minecraft:light_blue_stained_glass_pane":2,"hunting_delight:sheepcorpse":1,"minecraft:gray_stained_glass_pane":12,"gravestone:gravestone":11,"minecraft:grass_block":6,"minecraft:light_gray_bed":4,"minecraft:moss_block":1,"minecraft:light_blue_stained_glass":3,"minecraft:spawner":1,"minecraft:furnace":1,"minecraft:anvil":1,"minecraft:bookshelf":10,"minecraft:iron_bars":4,"minecraft:stone":26,"minecraft:gray_terracotta":1,"minecraft:blue_stained_glass":3,"minecraft:crafting_table":1,"minecraft:chest":1,"minecraft:white_stained_glass_pane":2,"minecraft:glass":12,"minecraft:cobblestone":13,"minecraft:tall_grass":10,"minecraft:quartz_bricks":1,"minecraft:oak_planks":1,"minecraft:wall_torch":5,"minecraft:polished_diorite_stairs":1,"minecraft:red_terracotta":1,"minecraft:cobblestone_wall":2,"minecraft:birch_log":7,"minecraft:redstone_torch":1,"minecraft:grass":10,"k_turrets:titanium_ore":4,"minecraft:coal_ore":3,"minecraft:oak_log":23,"hunting_delight:chickencorpse":2,"minecraft:cobweb":8,"minecraft:stone_bricks":3,"minecraft:oak_leaves":8}},"DataVersion":3120}