{"stats":{"minecraft:killed_by":{"minecraft:spider":1,"minecraft:horse":1,"minecraft:zombie":1},"minecraft:killed":{"minecraft:spider":41,"minecraft:horse":1,"minecraft:pig":1,"minecraft:creeper":17,"kevin_trophy:blister_zombie":1,"minecraft:zombie":24,"minecraft:cow":3},"minecraft:picked_up":{"minecraft:fishing_rod":2,"minecraft:crafting_table":10,"minecraft:wheat":1,"cgm:basic_bullet":320,"minecraft:ladder":2,"minecraft:yellow_wool":6,"minecraft:smithing_table":1,"minecraft:brewing_stand":1,"minecraft:string":65,"minecraft:raw_copper":13,"minecraft:acacia_door":1,"minecraft:cracked_stone_bricks":1,"minecraft:beef":5,"minecraft:cobblestone_slab":2,"hunting_delight:pigcorpse":1,"minecraft:sugar_cane":21,"minecraft:egg":1,"minecraft:furnace":4,"minecraft:stick":6,"minecraft:raw_iron":13,"hunting_delight:humanmeat":2,"minecraft:torch":9,"minecraft:porkchop":3,"minecraft:pointed_dripstone":1,"hunting_delight:chitin":20,"travelersbackpack:snow":6,"minecraft:light_gray_bed":8,"minecraft:rotten_flesh":19,"cgm:assault_rifle":2,"k_turrets:raw_titanium":1,"hunting_delight:worm":4,"minecraft:iron_bars":3,"minecraft:white_wool":58,"minecraft:cobblestone":154,"minecraft:birch_log":3,"minecraft:enchanting_table":1,"minecraft:leather":8,"minecraft:oak_log":6,"minecraft:gunpowder":17,"minecraft:dirt":32,"minecraft:stone_bricks":2,"minecraft:gray_terracotta":2,"minecraft:wheat_seeds":7,"hunting_delight:rawsquid":2,"minecraft:dripstone_block":2,"minecraft:spruce_sapling":3,"minecraft:ink_sac":3,"minecraft:spruce_log":4,"minecraft:spider_eye":18,"hunting_delight:animal_fat":9,"hunting_delight:broken_bone":277,"minecraft:oak_sapling":2,"minecraft:black_wool":24,"minecraft:coal":35,"minecraft:ender_pearl":1},"minecraft:dropped":{"minecraft:iron_ingot":18,"minecraft:wheat_seeds":5,"minecraft:dripstone_block":2,"minecraft:cobblestone":1,"minecraft:cracked_stone_bricks":1,"firstaid:bandage":2,"minecraft:ink_sac":1,"gravestone:obituary":5,"hunting_delight:worm":4,"hunting_delight:animal_fat":9,"minecraft:fishing_rod":2,"minecraft:white_wool":6,"minecraft:furnace":1,"minecraft:stone_sword":2,"minecraft:pointed_dripstone":1,"cgm:assault_rifle":1,"minecraft:cobblestone_slab":2,"minecraft:oak_sapling":2,"k_turrets:raw_titanium":1,"minecraft:stone_bricks":2,"minecraft:iron_bars":3,"minecraft:black_wool":8},"minecraft:crafted":{"minecraft:black_dye":1,"minecraft:oak_planks":24,"minecraft:cobblestone_slab":6,"minecraft:leather_boots":1,"firstaid:plaster":3,"travelersbackpack:snow":1,"minecraft:stone_pickaxe":1,"minecraft:chest":2,"taccraft:flak_vest_helmet":1,"minecraft:crafting_table":1,"minecraft:spruce_planks":16,"minecraft:wooden_pickaxe":1,"minecraft:iron_sword":1,"taccraft:flak_vest_boots":1,"minecraft:bucket":1,"minecraft:birch_planks":12,"minecraft:stone_axe":1,"minecraft:bread":2,"minecraft:air":0,"minecraft:shield":1,"minecraft:stick":16,"minecraft:iron_ingot":13,"minecraft:wooden_axe":1,"minecraft:stone_sword":2,"firstaid:bandage":12,"minecraft:torch":24,"minecraft:shears":1},"minecraft:custom":{"minecraft:interact_with_smithing_table":2,"minecraft:mob_kills":93,"minecraft:interact_with_crafting_table":28,"minecraft:time_since_death":4221,"minecraft:climb_one_cm":44222,"minecraft:sprint_one_cm":427996,"minecraft:walk_one_cm":447392,"minecraft:damage_blocked_by_shield":540,"minecraft:drop":47,"minecraft:play_time":179812,"minecraft:deaths":5,"minecraft:sneak_time":16178,"minecraft:walk_under_water_one_cm":2665,"minecraft:jump":1798,"minecraft:interact_with_blast_furnace":5,"minecraft:walk_on_water_one_cm":6800,"minecraft:total_world_time":179812,"minecraft:interact_with_furnace":19,"minecraft:sleep_in_bed":21,"minecraft:time_since_rest":4255,"minecraft:damage_taken":1742,"minecraft:damage_dealt":7605,"minecraft:fly_one_cm":214667,"minecraft:swim_one_cm":15565,"minecraft:open_chest":89,"minecraft:crouch_one_cm":48838,"minecraft:fall_one_cm":36524},"minecraft:used":{"minecraft:stone_sword":221,"minecraft:ladder":2,"minecraft:chest":2,"minecraft:shield":18,"minecraft:torch":16,"minecraft:dirt":9,"minecraft:wooden_axe":24,"travelersbackpack:snow":16,"hunting_delight:pigcorpse":1,"minecraft:furnace":3,"minecraft:light_gray_bed":8,"minecraft:wheat_seeds":2,"minecraft:cooked_mutton":1,"minecraft:water_bucket":3,"minecraft:stone_pickaxe":65,"minecraft:oak_planks":5,"minecraft:wooden_pickaxe":11,"minecraft:cobblestone_slab":6,"minecraft:crafting_table":11,"minecraft:gray_terracotta":2,"minecraft:acacia_door":1,"minecraft:bread":14,"minecraft:iron_pickaxe":160,"cgm:assault_rifle":221,"minecraft:stone_axe":9,"minecraft:cobblestone":136,"minecraft:smithing_table":1,"minecraft:bucket":4},"minecraft:mined":{"travelersbackpack:snow":5,"minecraft:brewing_stand":1,"minecraft:gray_stained_glass_pane":8,"gravestone:gravestone":3,"minecraft:ladder":3,"minecraft:grass_block":14,"hunting_delight:pigcorpse":1,"minecraft:white_stained_glass":2,"minecraft:light_gray_bed":8,"minecraft:spruce_leaves":8,"minecraft:spawner":9,"minecraft:spruce_sapling":3,"minecraft:furnace":3,"minecraft:iron_ore":13,"minecraft:enchanting_table":1,"minecraft:iron_bars":4,"minecraft:stone":116,"minecraft:white_wool":12,"minecraft:gray_terracotta":4,"minecraft:glass_pane":2,"minecraft:crafting_table":10,"minecraft:torch":7,"minecraft:white_stained_glass_pane":2,"minecraft:cobblestone":35,"minecraft:tall_grass":1,"minecraft:copper_ore":4,"minecraft:sugar_cane":9,"minecraft:wall_torch":1,"minecraft:cobblestone_wall":2,"minecraft:yellow_wool":6,"minecraft:birch_log":3,"minecraft:wheat":2,"minecraft:spruce_log":3,"travelersbackpack:pink_sleeping_bag":1,"minecraft:smooth_stone_slab":1,"minecraft:grass":9,"k_turrets:titanium_ore":1,"minecraft:coal_ore":35,"minecraft:oak_log":6,"minecraft:dripstone_block":1,"minecraft:acacia_door":1,"minecraft:dirt":18,"minecraft:cobweb":26}},"DataVersion":3120}