{"stats":{"minecraft:killed_by":{"minecraft:horse":1,"minecraft:zombie":1},"minecraft:killed":{"minecraft:pig":1,"minecraft:spider":8,"minecraft:horse":1,"minecraft:zombie":3,"minecraft:cow":3},"minecraft:picked_up":{"minecraft:birch_log":3,"minecraft:enchanting_table":1,"minecraft:crafting_table":10,"minecraft:yellow_wool":6,"minecraft:leather":8,"minecraft:oak_log":6,"minecraft:brewing_stand":1,"minecraft:string":27,"minecraft:dirt":11,"minecraft:stone_bricks":1,"minecraft:gray_terracotta":2,"minecraft:beef":5,"hunting_delight:rawsquid":2,"hunting_delight:pigcorpse":1,"minecraft:sugar_cane":21,"minecraft:furnace":4,"minecraft:egg":1,"minecraft:stick":6,"minecraft:raw_iron":6,"hunting_delight:humanmeat":2,"minecraft:torch":5,"minecraft:porkchop":3,"minecraft:spruce_sapling":3,"minecraft:ink_sac":3,"hunting_delight:chitin":3,"minecraft:spruce_log":4,"minecraft:spider_eye":2,"hunting_delight:animal_fat":9,"minecraft:light_gray_bed":8,"minecraft:rotten_flesh":2,"k_turrets:raw_titanium":1,"hunting_delight:broken_bone":59,"hunting_delight:worm":1,"minecraft:oak_sapling":2,"minecraft:coal":35,"minecraft:white_wool":12,"minecraft:cobblestone":95},"minecraft:dropped":{"minecraft:furnace":1,"minecraft:stone_sword":1,"minecraft:ink_sac":1,"k_turrets:raw_titanium":1,"minecraft:oak_sapling":2,"gravestone:obituary":3,"minecraft:stone_bricks":1,"hunting_delight:worm":1,"hunting_delight:animal_fat":9},"minecraft:crafted":{"minecraft:black_dye":1,"minecraft:oak_planks":24,"minecraft:leather_boots":1,"minecraft:crafting_table":1,"minecraft:spruce_planks":16,"minecraft:wooden_pickaxe":1,"taccraft:flak_vest_boots":1,"firstaid:plaster":1,"minecraft:birch_planks":12,"minecraft:stone_axe":1,"minecraft:bread":2,"minecraft:air":0,"minecraft:shield":1,"minecraft:stick":16,"minecraft:chest":2,"minecraft:iron_ingot":6,"minecraft:wooden_axe":1,"minecraft:stone_pickaxe":1,"minecraft:stone_sword":2,"firstaid:bandage":5,"minecraft:torch":24,"minecraft:shears":1,"taccraft:flak_vest_helmet":1},"minecraft:custom":{"minecraft:interact_with_furnace":10,"minecraft:mob_kills":17,"minecraft:interact_with_crafting_table":26,"minecraft:time_since_death":8420,"minecraft:sleep_in_bed":8,"minecraft:climb_one_cm":29762,"minecraft:time_since_rest":6067,"minecraft:sprint_one_cm":204705,"minecraft:damage_taken":1134,"minecraft:walk_one_cm":199871,"minecraft:damage_blocked_by_shield":540,"minecraft:drop":11,"minecraft:damage_dealt":2985,"minecraft:swim_one_cm":10795,"minecraft:fly_one_cm":95237,"minecraft:open_chest":50,"minecraft:crouch_one_cm":25627,"minecraft:play_time":89812,"minecraft:deaths":3,"minecraft:sneak_time":10114,"minecraft:walk_under_water_one_cm":482,"minecraft:jump":801,"minecraft:walk_on_water_one_cm":1812,"minecraft:total_world_time":89812,"minecraft:fall_one_cm":15587},"minecraft:used":{"minecraft:cooked_mutton":1,"minecraft:stone_sword":100,"minecraft:stone_pickaxe":65,"minecraft:oak_planks":5,"minecraft:shield":18,"minecraft:chest":2,"minecraft:wooden_pickaxe":11,"minecraft:torch":8,"minecraft:crafting_table":11,"minecraft:gray_terracotta":2,"minecraft:wooden_axe":24,"minecraft:bread":5,"minecraft:iron_pickaxe":84,"minecraft:stone_axe":8,"minecraft:cobblestone":78,"minecraft:furnace":3,"hunting_delight:pigcorpse":1,"minecraft:light_gray_bed":8},"minecraft:mined":{"minecraft:gray_terracotta":4,"minecraft:brewing_stand":1,"minecraft:gray_stained_glass_pane":8,"minecraft:crafting_table":10,"minecraft:torch":4,"gravestone:gravestone":2,"minecraft:grass_block":2,"hunting_delight:pigcorpse":1,"minecraft:white_stained_glass_pane":2,"minecraft:white_stained_glass":2,"minecraft:light_gray_bed":8,"minecraft:tall_grass":1,"minecraft:cobblestone":15,"minecraft:spruce_leaves":8,"minecraft:sugar_cane":9,"minecraft:spawner":6,"minecraft:spruce_sapling":3,"minecraft:furnace":3,"minecraft:cobblestone_wall":2,"minecraft:yellow_wool":6,"minecraft:birch_log":3,"minecraft:iron_ore":6,"minecraft:spruce_log":3,"minecraft:smooth_stone_slab":1,"minecraft:enchanting_table":1,"k_turrets:titanium_ore":1,"minecraft:grass":4,"minecraft:oak_log":6,"minecraft:coal_ore":35,"minecraft:iron_bars":1,"minecraft:dirt":9,"minecraft:cobweb":23,"minecraft:stone":80,"minecraft:white_wool":12}},"DataVersion":3120}