{"stats":{"minecraft:killed_by":{"minecraft:horse":1,"minecraft:zombie":1},"minecraft:killed":{"minecraft:pig":1,"minecraft:spider":7,"minecraft:horse":1,"minecraft:zombie":1,"minecraft:cow":3},"minecraft:picked_up":{"minecraft:birch_log":3,"minecraft:enchanting_table":1,"minecraft:crafting_table":10,"minecraft:yellow_wool":6,"minecraft:leather":8,"minecraft:oak_log":6,"minecraft:brewing_stand":1,"minecraft:string":27,"minecraft:dirt":7,"minecraft:stone_bricks":1,"minecraft:gray_terracotta":2,"minecraft:beef":5,"hunting_delight:rawsquid":2,"hunting_delight:pigcorpse":1,"minecraft:sugar_cane":21,"minecraft:furnace":2,"minecraft:egg":1,"minecraft:stick":3,"minecraft:raw_iron":6,"hunting_delight:humanmeat":2,"minecraft:torch":5,"minecraft:porkchop":3,"minecraft:spruce_sapling":3,"minecraft:ink_sac":3,"hunting_delight:chitin":3,"minecraft:spruce_log":4,"minecraft:spider_eye":2,"hunting_delight:animal_fat":9,"minecraft:light_gray_bed":5,"minecraft:rotten_flesh":2,"k_turrets:raw_titanium":1,"hunting_delight:broken_bone":53,"minecraft:oak_sapling":2,"minecraft:coal":32,"minecraft:white_wool":12,"minecraft:cobblestone":87},"minecraft:dropped":{"minecraft:furnace":1,"minecraft:ink_sac":1,"minecraft:oak_sapling":2,"gravestone:obituary":2,"minecraft:stone_bricks":1,"hunting_delight:animal_fat":9},"minecraft:crafted":{"minecraft:black_dye":1,"minecraft:oak_planks":24,"minecraft:leather_boots":1,"minecraft:crafting_table":1,"minecraft:spruce_planks":16,"minecraft:wooden_pickaxe":1,"taccraft:flak_vest_boots":1,"firstaid:plaster":1,"minecraft:birch_planks":12,"minecraft:stone_axe":1,"minecraft:bread":2,"minecraft:air":0,"minecraft:shield":1,"minecraft:stick":12,"minecraft:iron_ingot":1,"minecraft:wooden_axe":1,"minecraft:stone_pickaxe":1,"minecraft:stone_sword":1,"firstaid:bandage":5,"minecraft:torch":24,"taccraft:flak_vest_helmet":1},"minecraft:custom":{"minecraft:interact_with_furnace":7,"minecraft:mob_kills":14,"minecraft:interact_with_crafting_table":19,"minecraft:time_since_death":47946,"minecraft:sleep_in_bed":6,"minecraft:climb_one_cm":29762,"minecraft:time_since_rest":10811,"minecraft:sprint_one_cm":160179,"minecraft:damage_taken":830,"minecraft:walk_one_cm":159056,"minecraft:drop":7,"minecraft:damage_dealt":2333,"minecraft:swim_one_cm":10795,"minecraft:fly_one_cm":72347,"minecraft:open_chest":16,"minecraft:crouch_one_cm":16765,"minecraft:play_time":65812,"minecraft:deaths":2,"minecraft:sneak_time":6356,"minecraft:walk_under_water_one_cm":482,"minecraft:jump":568,"minecraft:walk_on_water_one_cm":1812,"minecraft:total_world_time":65812,"minecraft:fall_one_cm":7674},"minecraft:used":{"minecraft:stone_sword":85,"minecraft:stone_pickaxe":65,"minecraft:oak_planks":5,"minecraft:wooden_pickaxe":11,"minecraft:torch":8,"minecraft:crafting_table":10,"minecraft:gray_terracotta":2,"minecraft:wooden_axe":24,"minecraft:bread":4,"minecraft:iron_pickaxe":68,"minecraft:stone_axe":7,"minecraft:cobblestone":31,"hunting_delight:pigcorpse":1,"minecraft:light_gray_bed":4},"minecraft:mined":{"minecraft:gray_terracotta":4,"minecraft:brewing_stand":1,"minecraft:gray_stained_glass_pane":8,"minecraft:crafting_table":9,"minecraft:torch":4,"gravestone:gravestone":2,"hunting_delight:pigcorpse":1,"minecraft:white_stained_glass_pane":2,"minecraft:white_stained_glass":2,"minecraft:light_gray_bed":5,"minecraft:tall_grass":1,"minecraft:cobblestone":11,"minecraft:spruce_leaves":1,"minecraft:sugar_cane":9,"minecraft:spawner":6,"minecraft:spruce_sapling":3,"minecraft:furnace":1,"minecraft:yellow_wool":6,"minecraft:birch_log":3,"minecraft:iron_ore":6,"minecraft:spruce_log":3,"minecraft:smooth_stone_slab":1,"minecraft:enchanting_table":1,"k_turrets:titanium_ore":1,"minecraft:grass":4,"minecraft:oak_log":6,"minecraft:coal_ore":33,"minecraft:iron_bars":1,"minecraft:dirt":7,"minecraft:cobweb":23,"minecraft:stone":76,"minecraft:white_wool":12}},"DataVersion":3120}