{"stats":{"minecraft:killed_by":{"minecraft:horse":1,"minecraft:zombie":1},"minecraft:killed":{"minecraft:pig":1,"minecraft:spider":1,"minecraft:horse":1,"minecraft:cow":3},"minecraft:picked_up":{"minecraft:birch_log":3,"minecraft:crafting_table":4,"minecraft:yellow_wool":6,"minecraft:leather":8,"minecraft:oak_log":6,"minecraft:brewing_stand":1,"minecraft:string":3,"minecraft:dirt":1,"minecraft:stone_bricks":1,"minecraft:beef":5,"hunting_delight:rawsquid":2,"hunting_delight:pigcorpse":1,"minecraft:sugar_cane":21,"minecraft:egg":1,"minecraft:stick":3,"hunting_delight:humanmeat":2,"minecraft:porkchop":3,"minecraft:spruce_sapling":3,"minecraft:ink_sac":2,"hunting_delight:chitin":1,"minecraft:spruce_log":4,"hunting_delight:animal_fat":9,"minecraft:light_gray_bed":3,"hunting_delight:broken_bone":36,"minecraft:oak_sapling":2,"minecraft:coal":16,"minecraft:white_wool":12,"minecraft:cobblestone":30},"minecraft:dropped":{"minecraft:oak_sapling":2,"gravestone:obituary":2,"minecraft:stone_bricks":1,"hunting_delight:animal_fat":9},"minecraft:crafted":{"minecraft:crafting_table":1,"minecraft:spruce_planks":16,"minecraft:wooden_pickaxe":1,"minecraft:birch_planks":12,"minecraft:stone_axe":1,"minecraft:stick":12,"minecraft:wooden_axe":1,"minecraft:stone_pickaxe":1,"minecraft:stone_sword":1},"minecraft:custom":{"minecraft:interact_with_furnace":1,"minecraft:mob_kills":7,"minecraft:interact_with_crafting_table":5,"minecraft:time_since_death":11946,"minecraft:sleep_in_bed":4,"minecraft:climb_one_cm":6436,"minecraft:time_since_rest":3170,"minecraft:sprint_one_cm":88966,"minecraft:damage_taken":695,"minecraft:walk_one_cm":70492,"minecraft:drop":5,"minecraft:damage_dealt":973,"minecraft:swim_one_cm":10795,"minecraft:fly_one_cm":60325,"minecraft:open_chest":4,"minecraft:crouch_one_cm":10143,"minecraft:play_time":29812,"minecraft:deaths":2,"minecraft:sneak_time":3663,"minecraft:walk_under_water_one_cm":482,"minecraft:jump":401,"minecraft:walk_on_water_one_cm":1812,"minecraft:total_world_time":29812,"minecraft:fall_one_cm":6654},"minecraft:used":{"minecraft:stone_sword":18,"minecraft:stone_pickaxe":36,"minecraft:wooden_pickaxe":11,"minecraft:crafting_table":4,"minecraft:wooden_axe":24,"minecraft:bread":1,"minecraft:stone_axe":1,"minecraft:cobblestone":15,"hunting_delight:pigcorpse":1,"minecraft:light_gray_bed":2},"minecraft:mined":{"minecraft:brewing_stand":1,"minecraft:crafting_table":3,"gravestone:gravestone":2,"hunting_delight:pigcorpse":1,"minecraft:light_gray_bed":3,"minecraft:tall_grass":1,"minecraft:cobblestone":5,"minecraft:spruce_leaves":1,"minecraft:sugar_cane":9,"minecraft:spruce_sapling":3,"minecraft:yellow_wool":6,"minecraft:birch_log":3,"minecraft:spruce_log":3,"minecraft:grass":4,"minecraft:oak_log":6,"minecraft:coal_ore":16,"minecraft:dirt":1,"minecraft:cobweb":3,"minecraft:stone":25,"minecraft:white_wool":12}},"DataVersion":3120}