{"stats":{"minecraft:killed_by":{"minecraft:horse":1},"minecraft:killed":{"minecraft:horse":1,"minecraft:pig":1,"minecraft:spider":1},"minecraft:picked_up":{"minecraft:birch_log":3,"minecraft:stick":3,"minecraft:crafting_table":4,"minecraft:leather":3,"minecraft:porkchop":3,"minecraft:oak_log":6,"minecraft:spruce_sapling":3,"minecraft:ink_sac":2,"minecraft:spruce_log":4,"hunting_delight:chitin":1,"minecraft:dirt":1,"hunting_delight:animal_fat":5,"minecraft:light_gray_bed":2,"minecraft:stone_bricks":1,"hunting_delight:broken_bone":24,"hunting_delight:rawsquid":2,"hunting_delight:pigcorpse":1,"minecraft:oak_sapling":2,"minecraft:sugar_cane":21,"minecraft:cobblestone":19},"minecraft:dropped":{"gravestone:obituary":1,"minecraft:stone_bricks":1},"minecraft:crafted":{"minecraft:crafting_table":1,"minecraft:spruce_planks":16,"minecraft:stick":12,"minecraft:stone_pickaxe":1,"minecraft:wooden_pickaxe":1,"minecraft:wooden_axe":1,"minecraft:stone_sword":1,"minecraft:birch_planks":12,"minecraft:stone_axe":1},"minecraft:custom":{"minecraft:time_since_rest":4390,"minecraft:sprint_one_cm":44400,"minecraft:damage_taken":520,"minecraft:walk_one_cm":40678,"minecraft:mob_kills":4,"minecraft:drop":2,"minecraft:damage_dealt":670,"minecraft:swim_one_cm":3937,"minecraft:interact_with_crafting_table":5,"minecraft:fly_one_cm":40668,"minecraft:open_chest":1,"minecraft:crouch_one_cm":5342,"minecraft:play_time":17812,"minecraft:deaths":1,"minecraft:sneak_time":1602,"minecraft:walk_under_water_one_cm":304,"minecraft:jump":237,"minecraft:walk_on_water_one_cm":1512,"minecraft:time_since_death":10896,"minecraft:sleep_in_bed":2,"minecraft:climb_one_cm":5512,"minecraft:total_world_time":17812,"minecraft:fall_one_cm":4700},"minecraft:used":{"minecraft:wooden_axe":24,"minecraft:stone_sword":6,"minecraft:stone_pickaxe":8,"minecraft:wooden_pickaxe":11,"minecraft:stone_axe":1,"minecraft:cobblestone":7,"minecraft:crafting_table":4,"hunting_delight:pigcorpse":1,"minecraft:light_gray_bed":1},"minecraft:mined":{"minecraft:spruce_sapling":3,"minecraft:birch_log":3,"minecraft:spruce_log":3,"minecraft:crafting_table":3,"gravestone:gravestone":1,"minecraft:grass":2,"minecraft:oak_log":6,"hunting_delight:pigcorpse":1,"minecraft:dirt":1,"minecraft:light_gray_bed":2,"minecraft:cobblestone":1,"minecraft:tall_grass":1,"minecraft:spruce_leaves":1,"minecraft:stone":18,"minecraft:sugar_cane":9}},"DataVersion":3120}