{"stats":{"minecraft:killed_by":{"minecraft:horse":1,"minecraft:zombie":1},"minecraft:killed":{"minecraft:pig":1,"minecraft:spider":6,"minecraft:horse":1,"minecraft:zombie":1,"minecraft:cow":3},"minecraft:picked_up":{"minecraft:birch_log":3,"minecraft:crafting_table":5,"minecraft:yellow_wool":6,"minecraft:leather":8,"minecraft:oak_log":6,"minecraft:brewing_stand":1,"minecraft:string":10,"minecraft:dirt":1,"minecraft:stone_bricks":1,"minecraft:beef":5,"hunting_delight:rawsquid":2,"hunting_delight:pigcorpse":1,"minecraft:sugar_cane":21,"minecraft:egg":1,"minecraft:stick":3,"minecraft:raw_iron":1,"hunting_delight:humanmeat":2,"minecraft:torch":2,"minecraft:porkchop":3,"minecraft:spruce_sapling":3,"minecraft:ink_sac":2,"hunting_delight:chitin":3,"minecraft:spruce_log":4,"minecraft:spider_eye":2,"hunting_delight:animal_fat":9,"minecraft:light_gray_bed":4,"minecraft:rotten_flesh":2,"hunting_delight:broken_bone":49,"minecraft:oak_sapling":2,"minecraft:coal":16,"minecraft:white_wool":12,"minecraft:cobblestone":36},"minecraft:dropped":{"minecraft:oak_sapling":2,"gravestone:obituary":2,"minecraft:stone_bricks":1,"hunting_delight:animal_fat":9},"minecraft:crafted":{"minecraft:oak_planks":24,"minecraft:crafting_table":1,"minecraft:spruce_planks":16,"minecraft:wooden_pickaxe":1,"minecraft:birch_planks":12,"minecraft:stone_axe":1,"minecraft:bread":2,"minecraft:stick":12,"minecraft:wooden_axe":1,"minecraft:stone_pickaxe":1,"minecraft:stone_sword":1,"firstaid:bandage":3,"minecraft:torch":24},"minecraft:custom":{"minecraft:interact_with_furnace":4,"minecraft:mob_kills":13,"minecraft:interact_with_crafting_table":9,"minecraft:time_since_death":23946,"minecraft:sleep_in_bed":5,"minecraft:climb_one_cm":20136,"minecraft:time_since_rest":818,"minecraft:sprint_one_cm":96026,"minecraft:damage_taken":745,"minecraft:walk_one_cm":98608,"minecraft:drop":5,"minecraft:damage_dealt":1972,"minecraft:swim_one_cm":10795,"minecraft:fly_one_cm":61360,"minecraft:open_chest":10,"minecraft:crouch_one_cm":11970,"minecraft:play_time":41812,"minecraft:deaths":2,"minecraft:sneak_time":4225,"minecraft:walk_under_water_one_cm":482,"minecraft:jump":429,"minecraft:walk_on_water_one_cm":1812,"minecraft:total_world_time":41812,"minecraft:fall_one_cm":6654},"minecraft:used":{"minecraft:stone_sword":48,"minecraft:stone_pickaxe":47,"minecraft:wooden_pickaxe":11,"minecraft:torch":2,"minecraft:crafting_table":5,"minecraft:wooden_axe":24,"minecraft:bread":2,"minecraft:stone_axe":2,"minecraft:cobblestone":21,"hunting_delight:pigcorpse":1,"minecraft:light_gray_bed":3},"minecraft:mined":{"minecraft:gray_terracotta":2,"minecraft:brewing_stand":1,"minecraft:crafting_table":4,"minecraft:torch":2,"gravestone:gravestone":2,"hunting_delight:pigcorpse":1,"minecraft:light_gray_bed":4,"minecraft:tall_grass":1,"minecraft:cobblestone":11,"minecraft:spruce_leaves":1,"minecraft:sugar_cane":9,"minecraft:spawner":2,"minecraft:spruce_sapling":3,"minecraft:yellow_wool":6,"minecraft:birch_log":3,"minecraft:iron_ore":1,"minecraft:spruce_log":3,"minecraft:grass":4,"minecraft:oak_log":6,"minecraft:coal_ore":16,"minecraft:dirt":1,"minecraft:cobweb":6,"minecraft:stone":25,"minecraft:white_wool":12}},"DataVersion":3120}