{"stats":{"minecraft:killed":{"kevin_trophy:crawler_zombie":1,"minecraft:pig":1,"minecraft:creeper":1},"minecraft:killed_by":{"minecraft:player":3,"minecraft:zombie":1},"minecraft:dropped":{"minecraft:birch_planks":45,"minecraft:oak_log":27,"minecraft:wooden_axe":1,"gravestone:obituary":1,"minecraft:spruce_log":165},"minecraft:picked_up":{"minecraft:birch_log":13,"minecraft:stick":60,"minecraft:ladder":2,"hunting_delight:humanmeat":10,"minecraft:quartz":1,"minecraft:birch_planks":45,"minecraft:porkchop":3,"gravestone:obituary":2,"minecraft:oak_log":105,"minecraft:spruce_sapling":57,"minecraft:spruce_log":192,"minecraft:gunpowder":6,"minecraft:dirt":3,"hunting_delight:animal_fat":1,"minecraft:rotten_flesh":14,"minecraft:apple":3,"minecraft:lever":1,"minecraft:spruce_planks":1,"hunting_delight:broken_bone":48,"hunting_delight:pigcorpse":1,"minecraft:oak_sapling":51},"minecraft:broken":{"minecraft:wooden_axe":6},"minecraft:crafted":{"minecraft:crafting_table":1,"minecraft:stick":4,"minecraft:wooden_axe":10,"minecraft:chest":1,"minecraft:birch_planks":52},"minecraft:mined":{"minecraft:large_fern":1,"minecraft:spruce_planks":1,"minecraft:birch_log":13,"minecraft:spruce_log":229,"gravestone:gravestone":5,"minecraft:grass":1,"minecraft:oak_log":117,"hunting_delight:pigcorpse":1,"minecraft:spruce_leaves":7,"minecraft:fern":2},"minecraft:custom":{"minecraft:time_since_rest":2354,"minecraft:sprint_one_cm":74258,"minecraft:damage_taken":1212,"minecraft:walk_one_cm":30196,"minecraft:mob_kills":4,"minecraft:drop":8,"minecraft:damage_dealt":496,"minecraft:interact_with_crafting_table":6,"minecraft:player_kills":1,"minecraft:fly_one_cm":19504,"minecraft:open_chest":4,"minecraft:crouch_one_cm":695,"minecraft:play_time":21213,"minecraft:deaths":5,"minecraft:sneak_time":1700,"minecraft:jump":167,"minecraft:time_since_death":2326,"minecraft:sleep_in_bed":5,"minecraft:climb_one_cm":17321,"minecraft:total_world_time":21213,"minecraft:fall_one_cm":8445},"minecraft:used":{"minecraft:wooden_axe":437,"minecraft:ladder":2,"minecraft:chest":1,"minecraft:spruce_planks":2,"minecraft:crafting_table":1}},"DataVersion":3120}