{"stats":{"minecraft:killed":{"minecraft:creeper":1},"minecraft:killed_by":{"minecraft:zombie":1},"minecraft:dropped":{"minecraft:birch_planks":45,"minecraft:spruce_log":13},"minecraft:picked_up":{"minecraft:birch_log":13,"minecraft:stick":9,"minecraft:ladder":2,"hunting_delight:humanmeat":6,"minecraft:birch_planks":45,"gravestone:obituary":2,"minecraft:oak_log":51,"minecraft:spruce_sapling":6,"minecraft:spruce_log":13,"minecraft:gunpowder":6,"minecraft:dirt":3,"minecraft:rotten_flesh":14,"minecraft:lever":1,"minecraft:spruce_planks":1,"hunting_delight:broken_bone":38,"minecraft:oak_sapling":20},"minecraft:broken":{"minecraft:wooden_axe":2},"minecraft:crafted":{"minecraft:crafting_table":1,"minecraft:wooden_axe":1,"minecraft:birch_planks":52},"minecraft:mined":{"minecraft:large_fern":1,"minecraft:spruce_planks":1,"minecraft:birch_log":13,"minecraft:spruce_log":27,"gravestone:gravestone":3,"minecraft:oak_log":51,"minecraft:spruce_leaves":2},"minecraft:custom":{"minecraft:time_since_rest":3567,"minecraft:sprint_one_cm":21537,"minecraft:damage_taken":505,"minecraft:walk_one_cm":13346,"minecraft:mob_kills":2,"minecraft:drop":2,"minecraft:damage_dealt":336,"minecraft:interact_with_crafting_table":2,"minecraft:player_kills":1,"minecraft:fly_one_cm":2476,"minecraft:open_chest":2,"minecraft:crouch_one_cm":574,"minecraft:play_time":9213,"minecraft:deaths":2,"minecraft:sneak_time":1443,"minecraft:jump":34,"minecraft:time_since_death":3544,"minecraft:sleep_in_bed":1,"minecraft:climb_one_cm":13756,"minecraft:total_world_time":9213,"minecraft:fall_one_cm":5186},"minecraft:used":{"minecraft:wooden_axe":119,"minecraft:ladder":2,"minecraft:spruce_planks":2,"minecraft:crafting_table":1}},"DataVersion":3120}