{"stats":{"minecraft:killed":{"minecraft:horse":1,"minecraft:iron_golem":1,"minecraft:creeper":8,"minecraft:squid":5,"minecraft:zombie":9,"minecraft:cow":1},"minecraft:killed_by":{"minecraft:creeper":2,"minecraft:spider":1,"minecraft:drowned":1,"kevin_trophy:crawler_zombie":1,"minecraft:zombie":3},"minecraft:picked_up":{"minecraft:crafting_table":4,"minecraft:wheat":9,"minecraft:exposed_copper":13,"minecraft:redstone_lamp":25,"gravestone:obituary":4,"minecraft:string":2,"minecraft:raw_copper":212,"minecraft:sticky_piston":60,"minecraft:beef":18,"minecraft:redstone_torch":30,"minecraft:cobblestone_slab":44,"minecraft:observer":5,"minecraft:poppy":2,"minecraft:sugar_cane":13,"minecraft:chest":18,"minecraft:piston":10,"minecraft:furnace":13,"minecraft:stick":5,"minecraft:raw_iron":21,"minecraft:copper_ingot":136,"hunting_delight:humanmeat":19,"minecraft:torch":11,"minecraft:porkchop":13,"minecraft:pointed_dripstone":7,"minecraft:diorite":1,"minecraft:carrot":1,"minecraft:redstone":164,"minecraft:quartz_block":4,"minecraft:light_gray_bed":5,"minecraft:rotten_flesh":100,"minecraft:stone_shovel":1,"k_turrets:raw_titanium":34,"minecraft:hay_block":157,"hunting_delight:worm":12,"minecraft:mutton":18,"minecraft:white_wool":4,"minecraft:bone_block":16,"minecraft:cobblestone":177,"bunker_down:ceiling_lamp":20,"minecraft:feather":10,"minecraft:cooked_beef":112,"minecraft:copper_block":126,"bunker_down:steel_vent":4,"minecraft:potato":52,"minecraft:flint":8,"minecraft:oak_log":90,"minecraft:cobblestone_wall":2,"minecraft:gunpowder":129,"minecraft:dirt":56,"bunker_down:steel_block":2,"minecraft:leather_boots":3,"minecraft:bone":127,"minecraft:apple":32,"minecraft:stone_bricks":1,"minecraft:stonecutter":2,"minecraft:wheat_seeds":10,"minecraft:iron_ingot":31,"minecraft:stone_pickaxe":3,"hunting_delight:rawsquid":10,"minecraft:stone_hoe":3,"minecraft:oak_planks":93,"k_turrets:titanium_ingot":16,"minecraft:daylight_detector":9,"minecraft:dandelion":1,"minecraft:poisonous_potato":1,"minecraft:dripstone_block":1,"minecraft:gravel":28,"minecraft:weathered_copper":1,"minecraft:ink_sac":19,"minecraft:blast_furnace":6,"hunting_delight:animal_fat":12,"minecraft:light_gray_concrete":15,"hunting_delight:huntingknife":4,"minecraft:stone_axe":1,"minecraft:lever":8,"hunting_delight:broken_bone":229,"minecraft:bone_meal":16,"minecraft:emerald":5,"minecraft:bread":11,"minecraft:oak_sapling":57,"cgm:workbench":3,"minecraft:coal":271},"minecraft:dropped":{"minecraft:wheat_seeds":1,"minecraft:cooked_beef":28,"minecraft:dripstone_block":3,"hunting_delight:humanmeat":2,"minecraft:poisonous_potato":1,"minecraft:feather":2,"minecraft:cobblestone":15,"hunting_delight:broken_bone":10,"gravestone:obituary":15,"hunting_delight:worm":4,"minecraft:stone_axe":2,"minecraft:lever":2,"minecraft:stone_shovel":2,"minecraft:pointed_dripstone":6,"minecraft:rotten_flesh":4,"minecraft:light_gray_bed":1,"minecraft:leather_boots":1,"minecraft:stone_bricks":2,"minecraft:stone_pickaxe":2},"minecraft:crafted":{"minecraft:black_dye":1,"minecraft:oak_planks":104,"minecraft:stone_shovel":2,"minecraft:leather_boots":1,"minecraft:bone_meal":162,"k_turrets:titanium_ingot":8,"minecraft:stone_pickaxe":4,"minecraft:chest":2,"minecraft:copper_block":14,"cgm:workbench":1,"minecraft:stone_hoe":1,"minecraft:wheat":9,"hunting_delight:huntingknife":1,"minecraft:cooked_beef":56,"minecraft:bone_block":16,"minecraft:crafting_table":3,"taccraft:flak_vest_boots":1,"minecraft:stone_axe":2,"minecraft:bread":2,"minecraft:air":0,"minecraft:stick":32,"minecraft:iron_pickaxe":1,"minecraft:torch":32},"minecraft:custom":{"minecraft:mob_kills":30,"minecraft:animals_bred":2,"minecraft:interact_with_crafting_table":22,"minecraft:open_barrel":1,"minecraft:damage_dealt_resisted":1572,"minecraft:leave_game":8,"minecraft:time_since_death":29708,"minecraft:climb_one_cm":39301,"minecraft:sprint_one_cm":318723,"minecraft:walk_one_cm":430448,"minecraft:drop":61,"minecraft:talked_to_villager":1,"minecraft:play_time":214657,"minecraft:sneak_time":18346,"minecraft:deaths":11,"minecraft:walk_under_water_one_cm":16790,"minecraft:jump":1849,"minecraft:interact_with_blast_furnace":8,"minecraft:walk_on_water_one_cm":18496,"minecraft:total_world_time":223879,"minecraft:interact_with_furnace":6,"minecraft:interact_with_stonecutter":2,"minecraft:sleep_in_bed":13,"minecraft:time_since_rest":4390,"minecraft:damage_taken":3107,"minecraft:minecart_one_cm":122943,"minecraft:damage_dealt":4368,"minecraft:swim_one_cm":25584,"minecraft:fly_one_cm":950769,"minecraft:open_chest":195,"minecraft:crouch_one_cm":27962,"minecraft:fall_one_cm":51842},"minecraft:broken":{"minecraft:stone_pickaxe":2,"minecraft:stone_axe":1},"minecraft:used":{"minecraft:flint_and_steel":4,"minecraft:red_concrete":43,"minecraft:stone_shovel":59,"minecraft:poppy":2,"minecraft:oak_sign":1,"minecraft:chest":47,"minecraft:stone":56,"securitycraft:keypad_door_item":1,"minecraft:stone_hoe":39,"minecraft:torch":39,"minecraft:dirt":79,"minecraft:weathered_copper":1,"cgm:workbench":4,"bunker_down:brittle_pickaxe":8,"minecraft:cobblestone_wall":2,"minecraft:lava_bucket":1,"minecraft:smooth_quartz":6,"minecraft:stone_bricks":1,"minecraft:redstone_lamp":7,"minecraft:oak_sapling":6,"minecraft:furnace":9,"minecraft:minecart":1,"minecraft:light_gray_bed":6,"minecraft:pointed_dripstone":1,"minecraft:wheat_seeds":9,"bunker_down:steel_vent":4,"minecraft:water_bucket":3,"minecraft:cobblestone_stairs":9,"minecraft:stone_pickaxe":407,"minecraft:oak_planks":19,"minecraft:stonecutter":1,"minecraft:glow_ink_sac":1,"minecraft:cobblestone_slab":58,"minecraft:tnt":5,"minecraft:crafting_table":7,"minecraft:blast_furnace":6,"minecraft:birch_sign":1,"minecraft:acacia_leaves":12,"minecraft:dripstone_block":1,"minecraft:exposed_copper":13,"minecraft:redstone_torch":6,"bunker_down:steel_block":1,"minecraft:bread":7,"minecraft:light_gray_concrete":2,"minecraft:stone_button":3,"minecraft:oak_button":2,"minecraft:iron_door":1,"cgm:assault_rifle":13,"minecraft:gravel":28,"minecraft:stone_axe":195,"minecraft:cobblestone":47,"hunting_delight:huntingknife":2,"minecraft:dandelion":1,"minecraft:bone_meal":2},"minecraft:mined":{"minecraft:granite":1,"minecraft:lever":2,"gravestone:gravestone":8,"minecraft:weathered_copper":1,"minecraft:grass_block":24,"minecraft:light_gray_bed":3,"minecraft:redstone_wire":15,"cgm:workbench":2,"minecraft:hay_block":40,"minecraft:furnace":5,"minecraft:iron_ore":7,"minecraft:sticky_piston":12,"bunker_down:steel_vent":4,"minecraft:pointed_dripstone":4,"minecraft:cobblestone_slab":1,"minecraft:light_gray_concrete":7,"bunker_down:steel_block":2,"minecraft:stone":111,"bunker_down:ceiling_lamp":4,"minecraft:exposed_copper":13,"minecraft:observer":1,"minecraft:crafting_table":2,"minecraft:torch":7,"minecraft:blast_furnace":4,"minecraft:chest":18,"minecraft:copper_ore":42,"minecraft:tall_grass":1,"minecraft:cobblestone":35,"minecraft:oak_planks":15,"minecraft:wall_torch":2,"minecraft:redstone_torch":2,"minecraft:wheat":3,"minecraft:copper_block":14,"minecraft:grass":4,"k_turrets:titanium_ore":8,"minecraft:oak_log":42,"minecraft:coal_ore":97,"minecraft:gravel":12,"minecraft:dirt":31,"minecraft:stone_bricks":1,"minecraft:stonecutter":1,"minecraft:oak_leaves":5,"minecraft:redstone_lamp":5}},"DataVersion":3120}