{"stats":{"minecraft:killed":{"rottencreatures:undead_miner":1,"minecraft:creeper":6,"minecraft:zombie":1,"minecraft:chicken":2},"minecraft:killed_by":{"minecraft:player":1,"minecraft:skeleton":1},"minecraft:dropped":{"minecraft:wheat_seeds":1,"minecraft:rotten_flesh":5,"gravestone:obituary":4},"minecraft:picked_up":{"minecraft:birch_log":5,"minecraft:crafting_table":3,"minecraft:feather":3,"minecraft:chicken":2,"minecraft:andesite":1,"bunker_down:airlock_iron_door":1,"minecraft:oak_log":12,"gravestone:obituary":3,"minecraft:gunpowder":27,"minecraft:dirt":4,"bunker_down:steel_block":4,"minecraft:apple":1,"minecraft:wheat_seeds":1,"minecraft:raw_gold":7,"minecraft:spruce_planks":4,"minecraft:sugar_cane":11,"minecraft:egg":1,"minecraft:stick":18,"minecraft:raw_iron":25,"hunting_delight:humanmeat":6,"minecraft:spruce_sapling":21,"minecraft:diorite":9,"minecraft:spruce_log":65,"hunting_delight:animal_fat":6,"minecraft:rotten_flesh":5,"minecraft:cracked_polished_blackstone_bricks":1,"minecraft:granite":16,"hunting_delight:broken_bone":37,"minecraft:oak_sapling":9,"hunting_delight:chickencorpse":2,"minecraft:cobblestone":83},"minecraft:crafted":{"minecraft:crafting_table":2,"minecraft:spruce_planks":32,"minecraft:wooden_pickaxe":1,"minecraft:birch_planks":20,"minecraft:stone_axe":2,"minecraft:stick":8,"minecraft:iron_pickaxe":1,"minecraft:wooden_axe":1,"minecraft:stone_pickaxe":1},"minecraft:mined":{"minecraft:spruce_planks":4,"minecraft:crafting_table":3,"gravestone:gravestone":1,"minecraft:grass_block":1,"minecraft:light_gray_bed":1,"minecraft:cobblestone":3,"minecraft:spruce_leaves":12,"minecraft:sugar_cane":5,"minecraft:diorite":5,"minecraft:birch_log":5,"minecraft:iron_ore":23,"minecraft:spruce_log":60,"minecraft:andesite":1,"minecraft:grass":1,"minecraft:oak_log":11,"hunting_delight:chickencorpse":2,"bunker_down:steel_block":1,"minecraft:stone":29,"minecraft:gold_ore":7,"minecraft:oak_leaves":4},"minecraft:custom":{"minecraft:mob_kills":10,"minecraft:interact_with_crafting_table":8,"minecraft:leave_game":5,"minecraft:time_since_death":17996,"minecraft:sleep_in_bed":4,"minecraft:climb_one_cm":18704,"minecraft:time_since_rest":4091,"minecraft:sprint_one_cm":67398,"minecraft:damage_taken":535,"minecraft:walk_one_cm":147230,"minecraft:drop":10,"minecraft:damage_dealt":1747,"minecraft:fly_one_cm":219616,"minecraft:player_kills":2,"minecraft:open_chest":5,"minecraft:crouch_one_cm":2108,"minecraft:play_time":45436,"minecraft:deaths":2,"minecraft:sneak_time":1438,"minecraft:walk_under_water_one_cm":8316,"minecraft:jump":361,"minecraft:walk_on_water_one_cm":9105,"minecraft:total_world_time":49725,"minecraft:fall_one_cm":5575},"minecraft:used":{"minecraft:diorite":8,"minecraft:flint_and_steel":1,"minecraft:stone_pickaxe":52,"minecraft:spruce_planks":4,"minecraft:wooden_pickaxe":6,"minecraft:torch":13,"minecraft:dirt":4,"cgm:workbench":1,"minecraft:crafting_table":3,"bunker_down:brittle_pickaxe":3,"minecraft:sponge":208,"minecraft:wooden_axe":5,"bunker_down:steel_block":4,"minecraft:cracked_polished_blackstone_bricks":1,"minecraft:iron_pickaxe":8,"cgm:assault_rifle":21,"bunker_down:airlock_iron_door":1,"minecraft:stone_axe":103,"minecraft:cobblestone":2}},"DataVersion":3120}