{"stats":{"minecraft:killed":{"minecraft:spider":25,"minecraft:horse":1,"rottencreatures:undead_miner":6,"minecraft:iron_golem":7,"minecraft:bat":1,"minecraft:creeper":68,"minecraft:squid":5,"kevin_trophy:blister_zombie":1,"kevin_trophy:crawler_zombie":4,"minecraft:zombie":52,"minecraft:cow":1},"minecraft:custom":{"minecraft:interact_with_smithing_table":2,"minecraft:mob_kills":178,"minecraft:animals_bred":2,"minecraft:interact_with_crafting_table":47,"minecraft:open_barrel":1,"minecraft:damage_dealt_resisted":10885,"minecraft:leave_game":17,"minecraft:time_since_death":6275,"minecraft:climb_one_cm":48296,"minecraft:sprint_one_cm":600387,"minecraft:walk_one_cm":1028979,"minecraft:drop":115,"minecraft:damage_dealt_absorbed":40,"minecraft:talked_to_villager":3,"minecraft:play_time":455033,"minecraft:sneak_time":36064,"minecraft:deaths":20,"minecraft:walk_under_water_one_cm":33466,"minecraft:boat_one_cm":5800,"minecraft:jump":3816,"minecraft:interact_with_blast_furnace":45,"minecraft:walk_on_water_one_cm":46148,"minecraft:total_world_time":464255,"minecraft:interact_with_furnace":56,"minecraft:interact_with_stonecutter":2,"minecraft:sleep_in_bed":28,"minecraft:time_since_rest":6303,"minecraft:damage_taken":4981,"minecraft:minecart_one_cm":122943,"minecraft:damage_dealt":4398,"minecraft:swim_one_cm":35654,"minecraft:fly_one_cm":1343142,"minecraft:open_chest":413,"minecraft:crouch_one_cm":59660,"minecraft:fall_one_cm":95165},"minecraft:crafted":{"minecraft:black_dye":1,"minecraft:oak_planks":120,"minecraft:coal":9,"minecraft:stone_shovel":2,"minecraft:leather_boots":1,"minecraft:iron_nugget":9,"minecraft:furnace":1,"minecraft:stone_button":16,"minecraft:stone":16,"minecraft:bone_meal":915,"securitycraft:keypad_item":2,"k_turrets:titanium_ingot":8,"minecraft:heavy_weighted_pressure_plate":2,"taccraft:nylon_cloth":4,"travelersbackpack:blank_upgrade":4,"minecraft:glass":57,"travelersbackpack:white_sleeping_bag":2,"minecraft:bow":1,"minecraft:leather":84,"minecraft:iron_axe":1,"minecraft:stone_pickaxe":4,"minecraft:chest":6,"minecraft:copper_block":37,"trashcans:item_trash_can":1,"minecraft:stone_hoe":1,"cgm:workbench":1,"hunting_delight:huntingknife":1,"minecraft:wheat":9,"minecraft:cooked_beef":56,"minecraft:coal_block":9,"minecraft:bone_block":79,"minecraft:oak_slab":90,"travelersbackpack:iron_tier_upgrade":1,"minecraft:crafting_table":3,"hunting_delight:soaked_coal":4,"travelersbackpack:backpack_tank":6,"travelersbackpack:standard":2,"k_turrets:cobble_turret_item":1,"minecraft:smithing_table":1,"taccraft:flak_vest_boots":1,"minecraft:copper_ingot":306,"minecraft:bucket":2,"taccraft:nylon_stripe":4,"minecraft:stone_axe":2,"minecraft:bread":2,"minecraft:air":0,"minecraft:dispenser":1,"minecraft:oak_boat":1,"minecraft:diamond_pickaxe":1,"minecraft:stick":44,"minecraft:iron_ingot":40,"minecraft:iron_pickaxe":1,"taccraft:flak_vest_leggings":1,"minecraft:gold_ingot":11,"minecraft:composter":1,"minecraft:torch":52},"minecraft:broken":{"minecraft:stone_pickaxe":4,"minecraft:stone_axe":1,"minecraft:stone_shovel":1},"minecraft:picked_up":{"minecraft:crafting_table":4,"minecraft:wheat":9,"cgm:basic_bullet":704,"minecraft:exposed_copper":13,"minecraft:redstone_lamp":25,"k_turrets:cobble_turret_item":2,"gravestone:obituary":4,"minecraft:raw_copper":212,"minecraft:string":14,"minecraft:oak_trapdoor":2,"minecraft:sticky_piston":60,"minecraft:cobbled_deepslate":32,"minecraft:beef":18,"minecraft:observer":5,"minecraft:oak_boat":8,"minecraft:redstone_torch":30,"minecraft:cobblestone_slab":44,"minecraft:poppy":6,"minecraft:sugar_cane":13,"minecraft:chest":19,"minecraft:piston":10,"minecraft:furnace":15,"minecraft:stick":24,"minecraft:raw_iron":89,"minecraft:copper_ingot":136,"hunting_delight:humanmeat":27,"minecraft:torch":15,"minecraft:porkchop":13,"minecraft:pointed_dripstone":9,"minecraft:diorite":10,"hunting_delight:chitin":7,"minecraft:carrot":1,"minecraft:redstone":164,"minecraft:stone_shovel":1,"minecraft:quartz_block":4,"minecraft:light_gray_bed":8,"minecraft:rotten_flesh":203,"cgm:assault_rifle":1,"k_turrets:raw_titanium":44,"minecraft:hay_block":157,"minecraft:saddle":2,"firstaid:bandage":2,"hunting_delight:worm":14,"minecraft:mutton":18,"minecraft:bone_block":16,"minecraft:cobblestone":582,"minecraft:white_wool":10,"bunker_down:ceiling_lamp":20,"minecraft:feather":10,"minecraft:cooked_beef":112,"minecraft:glow_ink_sac":4,"minecraft:iron_door":2,"minecraft:water_bucket":1,"minecraft:copper_block":126,"bunker_down:steel_vent":4,"minecraft:potato":52,"minecraft:flint":8,"minecraft:oak_log":146,"trashcans:item_trash_can":1,"minecraft:yellow_bed":1,"minecraft:cobblestone_wall":2,"minecraft:gunpowder":238,"minecraft:dirt":76,"bunker_down:steel_block":2,"cgm:grenade":19,"minecraft:leather_boots":3,"minecraft:bone":127,"minecraft:apple":33,"minecraft:stone_bricks":2,"minecraft:stonecutter":2,"minecraft:wheat_seeds":15,"minecraft:raw_gold":11,"minecraft:stone_pickaxe":3,"minecraft:iron_ingot":49,"hunting_delight:rawsquid":12,"minecraft:oak_planks":131,"minecraft:moss_block":1,"minecraft:stone_hoe":3,"minecraft:oak_slab":22,"k_turrets:titanium_ingot":16,"minecraft:music_disc_13":1,"minecraft:daylight_detector":9,"minecraft:quartz":2,"minecraft:dandelion":1,"minecraft:weathered_copper":1,"minecraft:poisonous_potato":1,"minecraft:dripstone_block":2,"minecraft:gravel":28,"minecraft:sand":106,"minecraft:ink_sac":22,"minecraft:blast_furnace":6,"minecraft:spider_eye":2,"hunting_delight:animal_fat":12,"travelersbackpack:standard":1,"minecraft:light_gray_concrete":15,"minecraft:diamond":3,"hunting_delight:huntingknife":4,"minecraft:stone_axe":1,"minecraft:lever":8,"hunting_delight:broken_bone":522,"minecraft:bone_meal":16,"minecraft:golden_apple":2,"minecraft:emerald":5,"minecraft:bread":11,"minecraft:oak_sapling":92,"minecraft:black_wool":8,"minecraft:coal":315,"cgm:workbench":3},"minecraft:used":{"minecraft:moss_block":1,"minecraft:oak_trapdoor":2,"k_turrets:cobble_turret_item":3,"minecraft:flint_and_steel":4,"minecraft:red_concrete":43,"minecraft:stone_shovel":174,"minecraft:poppy":6,"minecraft:oak_sign":1,"trashcans:item_trash_can":1,"minecraft:chest":48,"minecraft:stone":56,"securitycraft:keypad_door_item":1,"minecraft:stone_hoe":39,"minecraft:torch":71,"minecraft:dirt":98,"minecraft:weathered_copper":1,"cgm:workbench":4,"securitycraft:keypad_item":2,"bunker_down:brittle_pickaxe":8,"minecraft:cobblestone_wall":2,"minecraft:lava_bucket":1,"minecraft:iron_axe":116,"minecraft:smooth_quartz":6,"minecraft:stone_bricks":2,"minecraft:redstone_lamp":7,"minecraft:furnace":12,"minecraft:oak_sapling":54,"minecraft:minecart":1,"minecraft:cooked_beef":9,"minecraft:cobbled_deepslate":15,"minecraft:light_gray_bed":9,"minecraft:pointed_dripstone":1,"minecraft:wheat_seeds":9,"minecraft:water_bucket":11,"bunker_down:steel_vent":4,"minecraft:cobblestone_stairs":9,"minecraft:stone_pickaxe":533,"minecraft:oak_planks":39,"minecraft:composter":1,"minecraft:stonecutter":1,"minecraft:glow_ink_sac":1,"minecraft:cobblestone_slab":68,"minecraft:blast_furnace":6,"minecraft:oak_slab":100,"minecraft:tnt":5,"minecraft:crafting_table":8,"minecraft:birch_sign":1,"minecraft:acacia_leaves":12,"minecraft:dripstone_block":2,"minecraft:exposed_copper":13,"minecraft:redstone_torch":6,"minecraft:oak_log":8,"bunker_down:steel_block":1,"minecraft:diamond_pickaxe":206,"minecraft:bread":7,"minecraft:stone_button":3,"minecraft:oak_button":2,"minecraft:light_gray_concrete":2,"minecraft:iron_pickaxe":249,"cgm:grenade":9,"minecraft:iron_door":3,"cgm:assault_rifle":700,"minecraft:gravel":28,"minecraft:stone_axe":195,"travelersbackpack:standard":6,"minecraft:cobblestone":128,"minecraft:bucket":8,"minecraft:yellow_bed":1,"minecraft:oak_boat":7,"minecraft:bone_meal":179,"hunting_delight:huntingknife":2,"minecraft:dandelion":1},"minecraft:dropped":{"minecraft:oak_slab":2,"minecraft:wheat_seeds":6,"minecraft:cooked_beef":28,"cgm:grenade":6,"minecraft:smithing_table":1,"minecraft:dripstone_block":3,"hunting_delight:humanmeat":2,"minecraft:poisonous_potato":1,"minecraft:feather":2,"minecraft:cobblestone":15,"hunting_delight:broken_bone":41,"minecraft:dirt":5,"gravestone:obituary":22,"hunting_delight:worm":5,"minecraft:bucket":2,"minecraft:stone_axe":2,"minecraft:lever":2,"minecraft:pointed_dripstone":8,"minecraft:stone_shovel":2,"minecraft:rotten_flesh":4,"minecraft:oak_planks":1,"cgm:assault_rifle":1,"cgm:basic_bullet":128,"minecraft:light_gray_bed":1,"minecraft:leather_boots":1,"minecraft:stone_bricks":2,"minecraft:stone_pickaxe":2,"minecraft:black_wool":8},"minecraft:mined":{"trashcans:item_trash_can":1,"minecraft:oak_sapling":3,"minecraft:deepslate_diamond_ore":3,"minecraft:gray_stained_glass_pane":2,"minecraft:lever":2,"gravestone:gravestone":16,"minecraft:granite":1,"minecraft:grass_block":31,"minecraft:weathered_copper":1,"minecraft:white_stained_glass":2,"minecraft:light_gray_bed":6,"minecraft:redstone_wire":15,"minecraft:moss_block":1,"cgm:workbench":2,"minecraft:hay_block":40,"minecraft:oak_trapdoor":2,"minecraft:furnace":6,"minecraft:iron_ore":66,"minecraft:sticky_piston":12,"bunker_down:steel_vent":4,"minecraft:pointed_dripstone":4,"minecraft:deepslate_iron_ore":6,"minecraft:cobblestone_slab":1,"minecraft:light_gray_concrete":7,"bunker_down:steel_block":2,"minecraft:stone":503,"bunker_down:ceiling_lamp":4,"minecraft:oak_slab":11,"minecraft:exposed_copper":13,"minecraft:observer":1,"travelersbackpack:standard":1,"minecraft:crafting_table":2,"minecraft:torch":8,"minecraft:blast_furnace":4,"minecraft:gray_stained_glass":1,"minecraft:chest":18,"minecraft:glass":2,"minecraft:copper_ore":42,"minecraft:tall_grass":2,"minecraft:cobblestone":46,"minecraft:deepslate_gold_ore":11,"minecraft:oak_planks":53,"minecraft:diorite":9,"minecraft:iron_door":2,"minecraft:wall_torch":3,"minecraft:redstone_torch":2,"minecraft:wheat":3,"minecraft:copper_block":14,"minecraft:yellow_bed":1,"k_turrets:titanium_ore":18,"minecraft:grass":6,"minecraft:oak_log":98,"minecraft:coal_ore":140,"minecraft:sand":106,"minecraft:gravel":12,"minecraft:dripstone_block":1,"minecraft:dirt":37,"minecraft:stonecutter":1,"minecraft:stone_bricks":1,"minecraft:oak_leaves":9,"minecraft:deepslate":24,"minecraft:redstone_lamp":5},"minecraft:killed_by":{"minecraft:player":1,"minecraft:spider":4,"minecraft:creeper":2,"minecraft:drowned":1,"kevin_trophy:crawler_zombie":1,"minecraft:zombie":4,"kevin_trophy:blister_zombie":1}},"DataVersion":3120}