{"stats":{"minecraft:dropped":{"minecraft:dripstone_block":1,"minecraft:stone_pickaxe":1},"minecraft:custom":{"minecraft:interact_with_furnace":2,"minecraft:mob_kills":3,"minecraft:animals_bred":2,"minecraft:interact_with_crafting_table":5,"minecraft:damage_dealt_resisted":1572,"minecraft:leave_game":3,"minecraft:time_since_death":62270,"minecraft:sleep_in_bed":2,"minecraft:climb_one_cm":7407,"minecraft:time_since_rest":4099,"minecraft:sprint_one_cm":88670,"minecraft:damage_taken":20,"minecraft:walk_one_cm":105558,"minecraft:drop":2,"minecraft:minecart_one_cm":122943,"minecraft:damage_dealt":1394,"minecraft:talked_to_villager":1,"minecraft:swim_one_cm":1344,"minecraft:fly_one_cm":671236,"minecraft:open_chest":10,"minecraft:crouch_one_cm":2113,"minecraft:play_time":62270,"minecraft:sneak_time":3095,"minecraft:walk_under_water_one_cm":3880,"minecraft:jump":329,"minecraft:interact_with_blast_furnace":4,"minecraft:walk_on_water_one_cm":7971,"minecraft:total_world_time":71492,"minecraft:fall_one_cm":4644},"minecraft:mined":{"minecraft:observer":1,"minecraft:lever":2,"minecraft:blast_furnace":4,"minecraft:chest":5,"minecraft:redstone_wire":15,"minecraft:copper_ore":38,"minecraft:cobblestone":8,"minecraft:oak_planks":7,"minecraft:hay_block":40,"minecraft:furnace":2,"minecraft:redstone_torch":2,"minecraft:sticky_piston":12,"minecraft:wheat":3,"bunker_down:steel_vent":4,"k_turrets:titanium_ore":8,"minecraft:grass":1,"minecraft:oak_log":26,"minecraft:coal_ore":53,"minecraft:light_gray_concrete":2,"bunker_down:steel_block":1,"minecraft:stonecutter":1,"minecraft:stone":11,"minecraft:oak_leaves":2,"bunker_down:ceiling_lamp":4,"minecraft:redstone_lamp":5},"minecraft:killed":{"minecraft:iron_golem":1,"minecraft:creeper":1,"minecraft:zombie":1},"minecraft:used":{"minecraft:wheat_seeds":9,"bunker_down:steel_vent":4,"minecraft:water_bucket":3,"minecraft:flint_and_steel":4,"minecraft:red_concrete":43,"minecraft:stone_pickaxe":165,"minecraft:poppy":2,"minecraft:oak_planks":9,"minecraft:oak_sign":1,"minecraft:chest":4,"minecraft:stone":8,"minecraft:glow_ink_sac":1,"minecraft:stone_hoe":39,"minecraft:torch":1,"minecraft:dirt":4,"minecraft:tnt":5,"minecraft:crafting_table":1,"bunker_down:brittle_pickaxe":8,"minecraft:birch_sign":1,"minecraft:blast_furnace":2,"minecraft:acacia_leaves":12,"bunker_down:steel_block":1,"minecraft:lava_bucket":1,"minecraft:light_gray_concrete":2,"minecraft:bread":3,"minecraft:smooth_quartz":6,"minecraft:stone_bricks":1,"minecraft:stone_axe":65,"minecraft:cobblestone":20,"minecraft:oak_sapling":6,"minecraft:minecart":1,"minecraft:dandelion":1,"minecraft:bone_meal":2},"minecraft:picked_up":{"bunker_down:ceiling_lamp":4,"minecraft:wheat":3,"minecraft:feather":2,"minecraft:redstone_lamp":5,"bunker_down:steel_vent":4,"minecraft:potato":13,"minecraft:oak_log":26,"minecraft:gunpowder":3,"minecraft:raw_copper":134,"bunker_down:steel_block":1,"minecraft:sticky_piston":12,"minecraft:apple":7,"minecraft:stonecutter":1,"minecraft:wheat_seeds":9,"minecraft:stone_pickaxe":1,"minecraft:iron_ingot":9,"minecraft:redstone_torch":4,"minecraft:observer":1,"minecraft:poppy":2,"minecraft:chest":5,"minecraft:oak_planks":7,"minecraft:furnace":2,"minecraft:stick":1,"minecraft:daylight_detector":1,"minecraft:copper_ingot":128,"minecraft:torch":1,"minecraft:dandelion":1,"minecraft:blast_furnace":4,"minecraft:redstone":21,"minecraft:light_gray_concrete":2,"minecraft:lever":2,"k_turrets:raw_titanium":8,"minecraft:hay_block":40,"hunting_delight:broken_bone":5,"minecraft:bread":8,"minecraft:emerald":1,"minecraft:oak_sapling":8,"minecraft:coal":53,"minecraft:cobblestone":19},"minecraft:broken":{"minecraft:stone_pickaxe":1},"minecraft:crafted":{"minecraft:oak_planks":104,"minecraft:crafting_table":1,"minecraft:bone_meal":2,"minecraft:stone_axe":1,"minecraft:stick":8,"minecraft:stone_pickaxe":2,"minecraft:stone_hoe":1,"minecraft:wheat":9}},"DataVersion":3120}