{"stats":{"minecraft:dropped":{"minecraft:wheat_seeds":1,"minecraft:dripstone_block":3,"minecraft:poisonous_potato":1,"hunting_delight:broken_bone":2,"gravestone:obituary":3,"hunting_delight:worm":4,"minecraft:stone_axe":1,"minecraft:stone_shovel":1,"minecraft:pointed_dripstone":5,"minecraft:rotten_flesh":4,"minecraft:light_gray_bed":1,"minecraft:leather_boots":1,"minecraft:stone_bricks":2,"minecraft:stone_pickaxe":1},"minecraft:custom":{"minecraft:mob_kills":21,"minecraft:animals_bred":2,"minecraft:interact_with_crafting_table":19,"minecraft:open_barrel":1,"minecraft:damage_dealt_resisted":1572,"minecraft:leave_game":6,"minecraft:time_since_death":25090,"minecraft:climb_one_cm":26206,"minecraft:sprint_one_cm":234488,"minecraft:walk_one_cm":282519,"minecraft:drop":30,"minecraft:talked_to_villager":1,"minecraft:play_time":142986,"minecraft:sneak_time":11104,"minecraft:deaths":3,"minecraft:walk_under_water_one_cm":13445,"minecraft:jump":1296,"minecraft:interact_with_blast_furnace":6,"minecraft:walk_on_water_one_cm":14133,"minecraft:total_world_time":152208,"minecraft:interact_with_furnace":6,"minecraft:interact_with_stonecutter":2,"minecraft:sleep_in_bed":6,"minecraft:time_since_rest":9256,"minecraft:damage_taken":987,"minecraft:minecart_one_cm":122943,"minecraft:damage_dealt":3873,"minecraft:swim_one_cm":8116,"minecraft:fly_one_cm":834091,"minecraft:open_chest":93,"minecraft:crouch_one_cm":11625,"minecraft:fall_one_cm":31173},"minecraft:mined":{"minecraft:granite":1,"minecraft:lever":2,"gravestone:gravestone":5,"minecraft:weathered_copper":1,"minecraft:grass_block":23,"minecraft:light_gray_bed":3,"minecraft:redstone_wire":15,"cgm:workbench":1,"minecraft:hay_block":40,"minecraft:furnace":5,"minecraft:iron_ore":2,"minecraft:sticky_piston":12,"bunker_down:steel_vent":4,"minecraft:cobblestone_slab":1,"minecraft:light_gray_concrete":7,"bunker_down:steel_block":2,"minecraft:stone":63,"bunker_down:ceiling_lamp":4,"minecraft:exposed_copper":13,"minecraft:observer":1,"minecraft:crafting_table":2,"minecraft:torch":3,"minecraft:blast_furnace":4,"minecraft:chest":17,"minecraft:copper_ore":42,"minecraft:tall_grass":1,"minecraft:cobblestone":30,"minecraft:oak_planks":15,"minecraft:wall_torch":2,"minecraft:redstone_torch":2,"minecraft:wheat":3,"minecraft:copper_block":14,"minecraft:grass":4,"k_turrets:titanium_ore":8,"minecraft:oak_log":42,"minecraft:coal_ore":63,"minecraft:gravel":12,"minecraft:dirt":24,"minecraft:stone_bricks":1,"minecraft:stonecutter":1,"minecraft:oak_leaves":5,"minecraft:redstone_lamp":5},"minecraft:killed":{"minecraft:iron_golem":1,"minecraft:creeper":5,"minecraft:squid":5,"minecraft:zombie":8,"minecraft:cow":1},"minecraft:used":{"minecraft:flint_and_steel":4,"minecraft:red_concrete":43,"minecraft:stone_shovel":52,"minecraft:poppy":2,"minecraft:oak_sign":1,"minecraft:chest":21,"minecraft:stone":8,"minecraft:stone_hoe":39,"minecraft:torch":25,"minecraft:dirt":8,"minecraft:weathered_copper":1,"cgm:workbench":2,"bunker_down:brittle_pickaxe":8,"minecraft:lava_bucket":1,"minecraft:smooth_quartz":6,"minecraft:stone_bricks":1,"minecraft:oak_sapling":6,"minecraft:furnace":5,"minecraft:minecart":1,"minecraft:light_gray_bed":3,"minecraft:pointed_dripstone":1,"minecraft:wheat_seeds":9,"bunker_down:steel_vent":4,"minecraft:water_bucket":3,"minecraft:stone_pickaxe":305,"minecraft:oak_planks":19,"minecraft:stonecutter":1,"minecraft:glow_ink_sac":1,"minecraft:cobblestone_slab":58,"minecraft:tnt":5,"minecraft:crafting_table":4,"minecraft:birch_sign":1,"minecraft:blast_furnace":4,"minecraft:acacia_leaves":12,"minecraft:exposed_copper":13,"bunker_down:steel_block":1,"minecraft:light_gray_concrete":2,"minecraft:bread":7,"minecraft:gravel":28,"minecraft:stone_axe":162,"minecraft:cobblestone":42,"minecraft:dandelion":1,"minecraft:bone_meal":2},"minecraft:picked_up":{"minecraft:crafting_table":4,"minecraft:wheat":7,"minecraft:exposed_copper":13,"minecraft:redstone_lamp":15,"minecraft:raw_copper":176,"minecraft:sticky_piston":36,"minecraft:beef":17,"minecraft:redstone_torch":18,"minecraft:observer":3,"minecraft:poppy":2,"minecraft:chest":17,"minecraft:piston":6,"minecraft:furnace":9,"minecraft:stick":5,"minecraft:raw_iron":2,"minecraft:copper_ingot":132,"hunting_delight:humanmeat":6,"minecraft:torch":6,"minecraft:pointed_dripstone":6,"minecraft:redstone":96,"minecraft:light_gray_bed":4,"minecraft:rotten_flesh":37,"minecraft:stone_shovel":1,"k_turrets:raw_titanium":24,"minecraft:hay_block":118,"hunting_delight:worm":7,"minecraft:cobblestone":92,"bunker_down:ceiling_lamp":12,"minecraft:feather":6,"minecraft:cooked_beef":112,"minecraft:copper_block":70,"bunker_down:steel_vent":4,"minecraft:potato":39,"minecraft:oak_log":74,"minecraft:gunpowder":57,"minecraft:dirt":48,"bunker_down:steel_block":2,"minecraft:leather_boots":1,"minecraft:bone":54,"minecraft:apple":24,"minecraft:stone_bricks":1,"minecraft:stonecutter":2,"minecraft:wheat_seeds":10,"minecraft:iron_ingot":17,"minecraft:stone_pickaxe":2,"hunting_delight:rawsquid":5,"minecraft:stone_hoe":2,"minecraft:oak_planks":93,"minecraft:daylight_detector":5,"minecraft:dandelion":1,"minecraft:poisonous_potato":1,"minecraft:gravel":28,"minecraft:weathered_copper":1,"minecraft:ink_sac":7,"minecraft:blast_furnace":6,"hunting_delight:animal_fat":3,"minecraft:light_gray_concrete":11,"hunting_delight:huntingknife":2,"minecraft:stone_axe":1,"minecraft:lever":6,"hunting_delight:broken_bone":186,"minecraft:emerald":3,"minecraft:bread":8,"minecraft:oak_sapling":40,"cgm:workbench":2,"minecraft:coal":141},"minecraft:broken":{"minecraft:stone_pickaxe":2},"minecraft:crafted":{"minecraft:oak_planks":104,"minecraft:stone_shovel":2,"minecraft:bone_meal":146,"minecraft:stone_pickaxe":3,"minecraft:chest":2,"minecraft:copper_block":14,"cgm:workbench":1,"minecraft:stone_hoe":1,"minecraft:wheat":9,"hunting_delight:huntingknife":1,"minecraft:cooked_beef":56,"minecraft:bone_block":16,"minecraft:crafting_table":3,"minecraft:stone_axe":2,"minecraft:bread":2,"minecraft:air":0,"minecraft:stick":20,"minecraft:torch":32}},"DataVersion":3120}