{"stats":{"minecraft:dropped":{"minecraft:dripstone_block":1},"minecraft:custom":{"minecraft:time_since_rest":5214,"minecraft:sprint_one_cm":70091,"minecraft:damage_taken":20,"minecraft:walk_one_cm":63134,"minecraft:mob_kills":2,"minecraft:drop":1,"minecraft:animals_bred":1,"minecraft:minecart_one_cm":122943,"minecraft:damage_dealt":390,"minecraft:swim_one_cm":1344,"minecraft:interact_with_crafting_table":4,"minecraft:fly_one_cm":656091,"minecraft:open_chest":8,"minecraft:crouch_one_cm":1690,"minecraft:play_time":50270,"minecraft:sneak_time":2341,"minecraft:walk_under_water_one_cm":3880,"minecraft:interact_with_blast_furnace":2,"minecraft:jump":225,"minecraft:leave_game":3,"minecraft:time_since_death":50270,"minecraft:walk_on_water_one_cm":7971,"minecraft:sleep_in_bed":1,"minecraft:total_world_time":59492,"minecraft:climb_one_cm":5099,"minecraft:fall_one_cm":3121},"minecraft:mined":{"minecraft:hay_block":36,"minecraft:grass":1,"minecraft:blast_furnace":2,"minecraft:coal_ore":34,"minecraft:oak_log":26,"minecraft:chest":3,"minecraft:copper_ore":38,"minecraft:stone":7,"minecraft:cobblestone":8,"minecraft:stonecutter":1,"minecraft:oak_planks":2,"minecraft:oak_leaves":2},"minecraft:killed":{"minecraft:zombie":1,"minecraft:creeper":1},"minecraft:used":{"minecraft:water_bucket":3,"minecraft:lava_bucket":1,"minecraft:flint_and_steel":4,"minecraft:red_concrete":43,"minecraft:bread":3,"minecraft:stone_pickaxe":82,"minecraft:oak_planks":4,"minecraft:oak_sign":1,"minecraft:chest":2,"minecraft:stone":8,"minecraft:smooth_quartz":6,"minecraft:glow_ink_sac":1,"minecraft:stone_hoe":35,"minecraft:stone_bricks":1,"minecraft:stone_axe":38,"minecraft:torch":1,"minecraft:dirt":4,"minecraft:cobblestone":20,"minecraft:blast_furnace":2,"minecraft:tnt":5,"minecraft:crafting_table":1,"minecraft:oak_sapling":6,"bunker_down:brittle_pickaxe":8,"minecraft:birch_sign":1,"minecraft:minecart":1,"minecraft:acacia_leaves":12,"minecraft:dandelion":1},"minecraft:picked_up":{"minecraft:stick":1,"minecraft:feather":2,"minecraft:torch":1,"minecraft:dandelion":1,"minecraft:potato":13,"minecraft:oak_log":26,"minecraft:blast_furnace":2,"minecraft:gunpowder":3,"minecraft:raw_copper":134,"minecraft:apple":7,"minecraft:stonecutter":1,"minecraft:hay_block":36,"hunting_delight:broken_bone":3,"minecraft:emerald":1,"minecraft:bread":8,"minecraft:oak_sapling":8,"minecraft:chest":3,"minecraft:oak_planks":2,"minecraft:coal":34,"minecraft:cobblestone":15},"minecraft:crafted":{"minecraft:oak_planks":104,"minecraft:crafting_table":1,"minecraft:stick":8,"minecraft:stone_pickaxe":1,"minecraft:stone_hoe":1,"minecraft:stone_axe":1,"minecraft:wheat":9}},"DataVersion":3120}