{"stats":{"minecraft:dropped":{"minecraft:stone_axe":1,"minecraft:wheat_seeds":1,"minecraft:dripstone_block":1,"minecraft:poisonous_potato":1,"hunting_delight:broken_bone":2,"minecraft:rotten_flesh":4,"minecraft:leather_boots":1,"gravestone:obituary":2,"minecraft:stone_pickaxe":1},"minecraft:custom":{"minecraft:interact_with_furnace":5,"minecraft:mob_kills":14,"minecraft:animals_bred":2,"minecraft:interact_with_crafting_table":13,"minecraft:open_barrel":1,"minecraft:damage_dealt_resisted":1572,"minecraft:leave_game":5,"minecraft:time_since_death":10590,"minecraft:sleep_in_bed":4,"minecraft:climb_one_cm":26206,"minecraft:time_since_rest":10614,"minecraft:sprint_one_cm":205368,"minecraft:damage_taken":674,"minecraft:walk_one_cm":219058,"minecraft:drop":14,"minecraft:minecart_one_cm":122943,"minecraft:damage_dealt":2934,"minecraft:talked_to_villager":1,"minecraft:swim_one_cm":1585,"minecraft:fly_one_cm":772155,"minecraft:open_chest":32,"minecraft:crouch_one_cm":4374,"minecraft:play_time":96113,"minecraft:deaths":2,"minecraft:sneak_time":4587,"minecraft:walk_under_water_one_cm":8125,"minecraft:jump":977,"minecraft:interact_with_blast_furnace":4,"minecraft:walk_on_water_one_cm":8709,"minecraft:total_world_time":105335,"minecraft:fall_one_cm":24324},"minecraft:mined":{"minecraft:exposed_copper":13,"minecraft:observer":1,"gravestone:gravestone":2,"minecraft:lever":2,"minecraft:blast_furnace":4,"minecraft:weathered_copper":1,"minecraft:grass_block":3,"minecraft:chest":6,"minecraft:tall_grass":1,"minecraft:light_gray_bed":1,"minecraft:redstone_wire":15,"minecraft:cobblestone":8,"minecraft:copper_ore":38,"minecraft:oak_planks":15,"minecraft:hay_block":40,"minecraft:furnace":4,"minecraft:redstone_torch":2,"minecraft:sticky_piston":12,"minecraft:wheat":3,"bunker_down:steel_vent":4,"minecraft:copper_block":14,"minecraft:grass":4,"k_turrets:titanium_ore":8,"minecraft:coal_ore":57,"minecraft:oak_log":42,"minecraft:gravel":5,"minecraft:light_gray_concrete":7,"bunker_down:steel_block":2,"minecraft:stone_bricks":1,"minecraft:stone":27,"minecraft:stonecutter":1,"minecraft:oak_leaves":5,"bunker_down:ceiling_lamp":4,"minecraft:redstone_lamp":5},"minecraft:killed":{"minecraft:iron_golem":1,"minecraft:creeper":5,"minecraft:zombie":7,"minecraft:cow":1},"minecraft:used":{"minecraft:wheat_seeds":9,"minecraft:water_bucket":3,"bunker_down:steel_vent":4,"minecraft:flint_and_steel":4,"minecraft:red_concrete":43,"minecraft:stone_pickaxe":229,"minecraft:oak_planks":19,"minecraft:poppy":2,"minecraft:oak_sign":1,"minecraft:chest":8,"minecraft:stone":8,"minecraft:glow_ink_sac":1,"minecraft:stone_hoe":39,"minecraft:torch":7,"minecraft:weathered_copper":1,"minecraft:dirt":8,"minecraft:crafting_table":2,"minecraft:tnt":5,"minecraft:blast_furnace":2,"bunker_down:brittle_pickaxe":8,"minecraft:birch_sign":1,"minecraft:acacia_leaves":12,"minecraft:exposed_copper":13,"bunker_down:steel_block":1,"minecraft:lava_bucket":1,"minecraft:light_gray_concrete":2,"minecraft:bread":5,"minecraft:smooth_quartz":6,"minecraft:gravel":12,"minecraft:stone_bricks":1,"minecraft:stone_axe":134,"minecraft:cobblestone":20,"minecraft:oak_sapling":6,"minecraft:minecart":1,"minecraft:light_gray_bed":1,"minecraft:dandelion":1,"minecraft:bone_meal":2},"minecraft:picked_up":{"bunker_down:ceiling_lamp":4,"minecraft:wheat":3,"minecraft:feather":2,"minecraft:exposed_copper":13,"minecraft:redstone_lamp":5,"minecraft:copper_block":14,"bunker_down:steel_vent":4,"minecraft:potato":13,"minecraft:oak_log":42,"minecraft:gunpowder":17,"minecraft:dirt":4,"minecraft:raw_copper":134,"bunker_down:steel_block":2,"minecraft:leather_boots":1,"minecraft:sticky_piston":12,"minecraft:bone":18,"minecraft:apple":8,"minecraft:stonecutter":1,"minecraft:wheat_seeds":10,"minecraft:beef":15,"minecraft:iron_ingot":9,"minecraft:stone_pickaxe":1,"minecraft:redstone_torch":6,"minecraft:observer":1,"minecraft:poppy":2,"minecraft:chest":6,"minecraft:oak_planks":15,"minecraft:piston":2,"minecraft:furnace":4,"minecraft:stick":5,"minecraft:daylight_detector":1,"minecraft:copper_ingot":128,"minecraft:torch":2,"minecraft:dandelion":1,"minecraft:poisonous_potato":1,"minecraft:gravel":16,"minecraft:weathered_copper":1,"minecraft:pointed_dripstone":5,"minecraft:blast_furnace":4,"minecraft:redstone":28,"hunting_delight:animal_fat":1,"minecraft:light_gray_concrete":7,"minecraft:light_gray_bed":1,"minecraft:rotten_flesh":5,"minecraft:lever":2,"k_turrets:raw_titanium":8,"minecraft:hay_block":40,"hunting_delight:broken_bone":33,"minecraft:bread":8,"minecraft:emerald":1,"minecraft:oak_sapling":23,"minecraft:coal":57,"minecraft:cobblestone":32},"minecraft:broken":{"minecraft:stone_pickaxe":1},"minecraft:crafted":{"minecraft:oak_planks":104,"minecraft:crafting_table":2,"minecraft:bone_meal":2,"minecraft:stone_axe":2,"minecraft:bread":2,"minecraft:stick":12,"minecraft:stone_pickaxe":2,"minecraft:copper_block":14,"minecraft:torch":8,"minecraft:stone_hoe":1,"hunting_delight:huntingknife":1,"minecraft:wheat":9}},"DataVersion":3120}