{"stats":{"minecraft:killed":{"rottencreatures:undead_miner":1,"minecraft:creeper":4,"minecraft:chicken":2},"minecraft:killed_by":{"minecraft:player":1,"minecraft:skeleton":1},"minecraft:dropped":{"minecraft:wheat_seeds":1,"gravestone:obituary":3},"minecraft:picked_up":{"minecraft:birch_log":5,"minecraft:crafting_table":2,"minecraft:feather":3,"minecraft:chicken":2,"minecraft:oak_log":8,"gravestone:obituary":3,"bunker_down:airlock_iron_door":1,"minecraft:gunpowder":16,"minecraft:dirt":4,"bunker_down:steel_block":4,"minecraft:apple":1,"minecraft:wheat_seeds":1,"minecraft:spruce_planks":4,"minecraft:sugar_cane":11,"minecraft:egg":1,"minecraft:stick":8,"minecraft:raw_iron":21,"hunting_delight:humanmeat":6,"minecraft:spruce_sapling":7,"minecraft:diorite":5,"minecraft:spruce_log":26,"hunting_delight:animal_fat":6,"minecraft:rotten_flesh":4,"minecraft:cracked_polished_blackstone_bricks":1,"minecraft:granite":16,"hunting_delight:broken_bone":34,"minecraft:oak_sapling":8,"hunting_delight:chickencorpse":2,"minecraft:cobblestone":77},"minecraft:crafted":{"minecraft:crafting_table":1,"minecraft:spruce_planks":28,"minecraft:wooden_pickaxe":1,"minecraft:birch_planks":20,"minecraft:stone_axe":2,"minecraft:stick":8,"minecraft:stone_pickaxe":1,"minecraft:wooden_axe":1},"minecraft:mined":{"minecraft:spruce_planks":4,"minecraft:crafting_table":2,"gravestone:gravestone":1,"minecraft:grass_block":1,"minecraft:cobblestone":3,"minecraft:spruce_leaves":5,"minecraft:sugar_cane":5,"minecraft:diorite":1,"minecraft:birch_log":5,"minecraft:iron_ore":19,"minecraft:spruce_log":27,"minecraft:grass":1,"minecraft:oak_log":8,"hunting_delight:chickencorpse":2,"bunker_down:steel_block":1,"minecraft:stone":23,"minecraft:oak_leaves":3},"minecraft:custom":{"minecraft:mob_kills":7,"minecraft:interact_with_crafting_table":5,"minecraft:leave_game":5,"minecraft:time_since_death":6351,"minecraft:sleep_in_bed":3,"minecraft:climb_one_cm":15282,"minecraft:time_since_rest":5512,"minecraft:sprint_one_cm":42555,"minecraft:damage_taken":525,"minecraft:walk_one_cm":113688,"minecraft:drop":4,"minecraft:damage_dealt":1747,"minecraft:fly_one_cm":200304,"minecraft:player_kills":2,"minecraft:open_chest":5,"minecraft:crouch_one_cm":1779,"minecraft:play_time":33791,"minecraft:deaths":2,"minecraft:sneak_time":1254,"minecraft:walk_under_water_one_cm":8316,"minecraft:jump":250,"minecraft:walk_on_water_one_cm":8648,"minecraft:total_world_time":38080,"minecraft:fall_one_cm":3843},"minecraft:used":{"minecraft:diorite":1,"minecraft:flint_and_steel":1,"minecraft:stone_pickaxe":38,"minecraft:wooden_pickaxe":6,"minecraft:spruce_planks":4,"minecraft:torch":13,"minecraft:dirt":4,"minecraft:crafting_table":2,"bunker_down:brittle_pickaxe":3,"minecraft:sponge":208,"minecraft:wooden_axe":5,"bunker_down:steel_block":4,"minecraft:cracked_polished_blackstone_bricks":1,"bunker_down:airlock_iron_door":1,"minecraft:stone_axe":60,"minecraft:cobblestone":2}},"DataVersion":3120}