{"stats":{"minecraft:dropped":{"minecraft:stone_axe":1,"minecraft:wheat_seeds":1,"minecraft:dripstone_block":1,"minecraft:poisonous_potato":1,"hunting_delight:broken_bone":2,"minecraft:rotten_flesh":1,"gravestone:obituary":1,"minecraft:stone_pickaxe":1},"minecraft:custom":{"minecraft:interact_with_furnace":2,"minecraft:mob_kills":9,"minecraft:animals_bred":2,"minecraft:interact_with_crafting_table":7,"minecraft:damage_dealt_resisted":1572,"minecraft:leave_game":5,"minecraft:time_since_death":9735,"minecraft:sleep_in_bed":4,"minecraft:climb_one_cm":26206,"minecraft:time_since_rest":1066,"minecraft:sprint_one_cm":163502,"minecraft:damage_taken":454,"minecraft:walk_one_cm":186310,"minecraft:drop":9,"minecraft:minecart_one_cm":122943,"minecraft:damage_dealt":2455,"minecraft:talked_to_villager":1,"minecraft:swim_one_cm":1344,"minecraft:fly_one_cm":735186,"minecraft:open_chest":21,"minecraft:crouch_one_cm":2343,"minecraft:play_time":84113,"minecraft:deaths":1,"minecraft:sneak_time":3449,"minecraft:walk_under_water_one_cm":3880,"minecraft:jump":750,"minecraft:interact_with_blast_furnace":4,"minecraft:walk_on_water_one_cm":7971,"minecraft:total_world_time":93335,"minecraft:fall_one_cm":16926},"minecraft:mined":{"minecraft:exposed_copper":9,"minecraft:observer":1,"gravestone:gravestone":1,"minecraft:lever":2,"minecraft:blast_furnace":4,"minecraft:weathered_copper":1,"minecraft:grass_block":2,"minecraft:chest":6,"minecraft:tall_grass":1,"minecraft:light_gray_bed":1,"minecraft:redstone_wire":15,"minecraft:cobblestone":8,"minecraft:copper_ore":38,"minecraft:oak_planks":13,"minecraft:hay_block":40,"minecraft:furnace":4,"minecraft:redstone_torch":2,"minecraft:sticky_piston":12,"minecraft:wheat":3,"bunker_down:steel_vent":4,"minecraft:grass":3,"k_turrets:titanium_ore":8,"minecraft:coal_ore":55,"minecraft:oak_log":42,"minecraft:light_gray_concrete":2,"bunker_down:steel_block":2,"minecraft:stone_bricks":1,"minecraft:stone":11,"minecraft:stonecutter":1,"minecraft:oak_leaves":5,"bunker_down:ceiling_lamp":4,"minecraft:redstone_lamp":5},"minecraft:killed":{"minecraft:iron_golem":1,"minecraft:creeper":4,"minecraft:zombie":3,"minecraft:cow":1},"minecraft:used":{"minecraft:wheat_seeds":9,"minecraft:water_bucket":3,"bunker_down:steel_vent":4,"minecraft:flint_and_steel":4,"minecraft:red_concrete":43,"minecraft:stone_pickaxe":187,"minecraft:oak_planks":15,"minecraft:poppy":2,"minecraft:oak_sign":1,"minecraft:chest":8,"minecraft:stone":8,"minecraft:glow_ink_sac":1,"minecraft:stone_hoe":39,"minecraft:torch":1,"minecraft:dirt":6,"minecraft:crafting_table":2,"minecraft:tnt":5,"minecraft:blast_furnace":2,"bunker_down:brittle_pickaxe":8,"minecraft:birch_sign":1,"minecraft:acacia_leaves":12,"bunker_down:steel_block":1,"minecraft:lava_bucket":1,"minecraft:light_gray_concrete":2,"minecraft:bread":5,"minecraft:smooth_quartz":6,"minecraft:stone_bricks":1,"minecraft:stone_axe":107,"minecraft:cobblestone":20,"minecraft:oak_sapling":6,"minecraft:minecart":1,"minecraft:dandelion":1,"minecraft:bone_meal":2},"minecraft:picked_up":{"bunker_down:ceiling_lamp":4,"minecraft:wheat":3,"minecraft:feather":2,"minecraft:exposed_copper":9,"minecraft:redstone_lamp":5,"bunker_down:steel_vent":4,"minecraft:potato":13,"minecraft:oak_log":42,"minecraft:gunpowder":15,"minecraft:dirt":2,"minecraft:raw_copper":134,"bunker_down:steel_block":2,"minecraft:sticky_piston":12,"minecraft:bone":18,"minecraft:apple":8,"minecraft:stonecutter":1,"minecraft:wheat_seeds":10,"minecraft:beef":15,"minecraft:iron_ingot":9,"minecraft:stone_pickaxe":1,"minecraft:redstone_torch":6,"minecraft:observer":1,"minecraft:poppy":2,"minecraft:chest":6,"minecraft:oak_planks":13,"minecraft:piston":2,"minecraft:furnace":4,"minecraft:stick":5,"minecraft:daylight_detector":1,"minecraft:copper_ingot":128,"minecraft:torch":1,"minecraft:dandelion":1,"minecraft:poisonous_potato":1,"minecraft:weathered_copper":1,"minecraft:blast_furnace":4,"minecraft:redstone":28,"hunting_delight:animal_fat":1,"minecraft:light_gray_concrete":2,"minecraft:light_gray_bed":1,"minecraft:rotten_flesh":1,"minecraft:lever":2,"k_turrets:raw_titanium":8,"minecraft:hay_block":40,"hunting_delight:broken_bone":26,"minecraft:bread":8,"minecraft:emerald":1,"minecraft:oak_sapling":23,"minecraft:coal":55,"minecraft:cobblestone":19},"minecraft:broken":{"minecraft:stone_pickaxe":1},"minecraft:crafted":{"minecraft:oak_planks":104,"minecraft:crafting_table":2,"minecraft:bone_meal":2,"minecraft:stone_axe":2,"minecraft:stick":8,"minecraft:stone_pickaxe":2,"minecraft:stone_hoe":1,"hunting_delight:huntingknife":1,"minecraft:wheat":9}},"DataVersion":3120}