{"stats":{"minecraft:killed_by":{"minecraft:creeper":2,"minecraft:spider":1,"minecraft:drowned":1,"kevin_trophy:crawler_zombie":1,"minecraft:zombie":3},"minecraft:killed":{"minecraft:spider":1,"minecraft:horse":1,"minecraft:iron_golem":4,"minecraft:creeper":12,"minecraft:squid":5,"minecraft:zombie":14,"minecraft:cow":1},"minecraft:picked_up":{"minecraft:crafting_table":4,"minecraft:wheat":9,"minecraft:exposed_copper":13,"minecraft:redstone_lamp":25,"gravestone:obituary":4,"minecraft:string":4,"minecraft:raw_copper":212,"minecraft:sticky_piston":60,"minecraft:beef":18,"minecraft:redstone_torch":30,"minecraft:cobblestone_slab":44,"minecraft:observer":5,"minecraft:poppy":6,"minecraft:sugar_cane":13,"minecraft:chest":18,"minecraft:piston":10,"minecraft:furnace":13,"minecraft:stick":5,"minecraft:raw_iron":38,"minecraft:copper_ingot":136,"hunting_delight:humanmeat":19,"minecraft:torch":11,"minecraft:porkchop":13,"minecraft:pointed_dripstone":7,"minecraft:diorite":1,"minecraft:carrot":1,"hunting_delight:chitin":1,"minecraft:redstone":164,"minecraft:quartz_block":4,"minecraft:light_gray_bed":5,"minecraft:rotten_flesh":100,"minecraft:stone_shovel":1,"k_turrets:raw_titanium":36,"minecraft:hay_block":157,"hunting_delight:worm":13,"minecraft:mutton":18,"minecraft:white_wool":4,"minecraft:bone_block":16,"minecraft:cobblestone":261,"bunker_down:ceiling_lamp":20,"minecraft:feather":10,"minecraft:cooked_beef":112,"minecraft:iron_door":2,"minecraft:copper_block":126,"bunker_down:steel_vent":4,"minecraft:potato":52,"minecraft:flint":8,"minecraft:oak_log":90,"minecraft:cobblestone_wall":2,"minecraft:gunpowder":144,"minecraft:dirt":65,"bunker_down:steel_block":2,"minecraft:leather_boots":3,"minecraft:bone":127,"minecraft:apple":32,"minecraft:stone_bricks":1,"minecraft:stonecutter":2,"minecraft:wheat_seeds":10,"minecraft:iron_ingot":44,"minecraft:stone_pickaxe":3,"hunting_delight:rawsquid":10,"minecraft:stone_hoe":3,"minecraft:oak_planks":93,"k_turrets:titanium_ingot":16,"minecraft:daylight_detector":9,"minecraft:dandelion":1,"minecraft:poisonous_potato":1,"minecraft:dripstone_block":1,"minecraft:gravel":28,"minecraft:weathered_copper":1,"minecraft:ink_sac":19,"minecraft:blast_furnace":6,"hunting_delight:animal_fat":12,"minecraft:light_gray_concrete":15,"hunting_delight:huntingknife":4,"minecraft:stone_axe":1,"minecraft:lever":8,"hunting_delight:broken_bone":253,"minecraft:bone_meal":16,"minecraft:bread":11,"minecraft:emerald":5,"minecraft:oak_sapling":57,"cgm:workbench":3,"minecraft:coal":276},"minecraft:dropped":{"minecraft:wheat_seeds":1,"minecraft:cooked_beef":28,"minecraft:dripstone_block":3,"hunting_delight:humanmeat":2,"minecraft:poisonous_potato":1,"minecraft:feather":2,"minecraft:cobblestone":15,"hunting_delight:broken_bone":10,"gravestone:obituary":16,"hunting_delight:worm":5,"minecraft:stone_axe":2,"minecraft:lever":2,"minecraft:stone_shovel":2,"minecraft:pointed_dripstone":6,"minecraft:rotten_flesh":4,"minecraft:light_gray_bed":1,"minecraft:leather_boots":1,"minecraft:stone_bricks":2,"minecraft:stone_pickaxe":2},"minecraft:crafted":{"minecraft:black_dye":1,"minecraft:oak_planks":104,"minecraft:stone_shovel":2,"minecraft:leather_boots":1,"minecraft:bone_meal":162,"k_turrets:titanium_ingot":8,"minecraft:bow":1,"minecraft:stone_pickaxe":4,"minecraft:chest":2,"minecraft:copper_block":14,"cgm:workbench":1,"minecraft:stone_hoe":1,"hunting_delight:huntingknife":1,"minecraft:wheat":9,"minecraft:cooked_beef":56,"minecraft:coal_block":9,"minecraft:bone_block":16,"minecraft:crafting_table":3,"hunting_delight:soaked_coal":4,"taccraft:flak_vest_boots":1,"minecraft:copper_ingot":16,"minecraft:stone_axe":2,"minecraft:bread":2,"minecraft:air":0,"minecraft:dispenser":1,"minecraft:stick":32,"minecraft:iron_ingot":32,"minecraft:iron_pickaxe":1,"minecraft:torch":32},"minecraft:custom":{"minecraft:mob_kills":43,"minecraft:animals_bred":2,"minecraft:interact_with_crafting_table":26,"minecraft:open_barrel":1,"minecraft:damage_dealt_resisted":6295,"minecraft:leave_game":9,"minecraft:time_since_death":9693,"minecraft:climb_one_cm":48296,"minecraft:sprint_one_cm":359571,"minecraft:walk_one_cm":561030,"minecraft:drop":63,"minecraft:damage_dealt_absorbed":40,"minecraft:talked_to_villager":1,"minecraft:play_time":262053,"minecraft:sneak_time":23046,"minecraft:deaths":12,"minecraft:walk_under_water_one_cm":20555,"minecraft:jump":2148,"minecraft:interact_with_blast_furnace":20,"minecraft:walk_on_water_one_cm":24716,"minecraft:total_world_time":271275,"minecraft:interact_with_furnace":6,"minecraft:interact_with_stonecutter":2,"minecraft:sleep_in_bed":15,"minecraft:time_since_rest":9729,"minecraft:damage_taken":3487,"minecraft:minecart_one_cm":122943,"minecraft:damage_dealt":4398,"minecraft:swim_one_cm":30399,"minecraft:fly_one_cm":1013390,"minecraft:open_chest":235,"minecraft:crouch_one_cm":35762,"minecraft:fall_one_cm":59279},"minecraft:broken":{"minecraft:stone_pickaxe":3,"minecraft:stone_axe":1},"minecraft:used":{"minecraft:flint_and_steel":4,"minecraft:red_concrete":43,"minecraft:stone_shovel":68,"minecraft:poppy":6,"minecraft:oak_sign":1,"minecraft:chest":47,"minecraft:stone":56,"securitycraft:keypad_door_item":1,"minecraft:stone_hoe":39,"minecraft:torch":39,"minecraft:dirt":93,"minecraft:weathered_copper":1,"cgm:workbench":4,"bunker_down:brittle_pickaxe":8,"minecraft:cobblestone_wall":2,"minecraft:lava_bucket":1,"minecraft:smooth_quartz":6,"minecraft:stone_bricks":1,"minecraft:redstone_lamp":7,"minecraft:oak_sapling":6,"minecraft:furnace":9,"minecraft:minecart":1,"minecraft:cooked_beef":2,"minecraft:light_gray_bed":6,"minecraft:pointed_dripstone":1,"minecraft:wheat_seeds":9,"minecraft:water_bucket":3,"bunker_down:steel_vent":4,"minecraft:cobblestone_stairs":9,"minecraft:stone_pickaxe":519,"minecraft:oak_planks":19,"minecraft:stonecutter":1,"minecraft:glow_ink_sac":1,"minecraft:cobblestone_slab":58,"minecraft:tnt":5,"minecraft:crafting_table":7,"minecraft:blast_furnace":6,"minecraft:birch_sign":1,"minecraft:acacia_leaves":12,"minecraft:dripstone_block":1,"minecraft:exposed_copper":13,"minecraft:redstone_torch":6,"bunker_down:steel_block":1,"minecraft:bread":7,"minecraft:light_gray_concrete":2,"minecraft:stone_button":3,"minecraft:oak_button":2,"minecraft:iron_door":1,"cgm:assault_rifle":179,"minecraft:gravel":28,"minecraft:stone_axe":195,"minecraft:cobblestone":93,"hunting_delight:huntingknife":2,"minecraft:dandelion":1,"minecraft:bone_meal":2},"minecraft:mined":{"minecraft:gray_stained_glass_pane":2,"minecraft:granite":1,"minecraft:lever":2,"gravestone:gravestone":8,"minecraft:grass_block":29,"minecraft:weathered_copper":1,"minecraft:white_stained_glass":2,"minecraft:light_gray_bed":3,"minecraft:redstone_wire":15,"cgm:workbench":2,"minecraft:hay_block":40,"minecraft:furnace":5,"minecraft:iron_ore":24,"minecraft:sticky_piston":12,"bunker_down:steel_vent":4,"minecraft:pointed_dripstone":4,"minecraft:cobblestone_slab":1,"minecraft:light_gray_concrete":7,"bunker_down:steel_block":2,"minecraft:stone":187,"bunker_down:ceiling_lamp":4,"minecraft:exposed_copper":13,"minecraft:observer":1,"minecraft:crafting_table":2,"minecraft:torch":7,"minecraft:blast_furnace":4,"minecraft:gray_stained_glass":1,"minecraft:chest":18,"minecraft:glass":2,"minecraft:tall_grass":1,"minecraft:copper_ore":42,"minecraft:cobblestone":37,"minecraft:oak_planks":15,"minecraft:wall_torch":2,"minecraft:iron_door":2,"minecraft:redstone_torch":2,"minecraft:wheat":3,"minecraft:copper_block":14,"minecraft:grass":4,"k_turrets:titanium_ore":10,"minecraft:oak_log":42,"minecraft:coal_ore":102,"minecraft:gravel":12,"minecraft:dirt":35,"minecraft:stone_bricks":1,"minecraft:stonecutter":1,"minecraft:oak_leaves":5,"minecraft:redstone_lamp":5}},"DataVersion":3120}