{"stats":{"minecraft:picked_up":{"minecraft:crafting_table":2,"minecraft:oak_log":3,"minecraft:cobblestone":27},"minecraft:crafted":{"minecraft:furnace":1,"minecraft:oak_planks":12,"minecraft:crafting_table":1,"minecraft:stick":4,"minecraft:wooden_pickaxe":1,"minecraft:wooden_axe":1},"minecraft:custom":{"minecraft:time_since_rest":2877,"minecraft:open_chest":1,"minecraft:crouch_one_cm":209,"minecraft:play_time":2877,"minecraft:sprint_one_cm":4214,"minecraft:walk_one_cm":3085,"minecraft:sneak_time":81,"minecraft:jump":26,"minecraft:leave_game":1,"minecraft:time_since_death":2877,"minecraft:total_world_time":2877,"minecraft:climb_one_cm":5158,"minecraft:fall_one_cm":1105,"minecraft:interact_with_crafting_table":2,"minecraft:fly_one_cm":4528},"minecraft:used":{"minecraft:wooden_axe":2,"minecraft:crafting_table":2,"minecraft:wooden_pickaxe":27},"minecraft:mined":{"minecraft:grass":3,"minecraft:oak_log":3,"minecraft:stone":27,"minecraft:crafting_table":2}},"DataVersion":3120}