{"stats":{"minecraft:picked_up":{"minecraft:oak_log":3},"minecraft:crafted":{"minecraft:crafting_table":1,"minecraft:oak_planks":12,"minecraft:stick":4,"minecraft:wooden_pickaxe":1,"minecraft:wooden_axe":1},"minecraft:custom":{"minecraft:jump":12,"minecraft:open_chest":1,"minecraft:time_since_rest":1474,"minecraft:crouch_one_cm":75,"minecraft:sprint_one_cm":2705,"minecraft:play_time":1474,"minecraft:time_since_death":1474,"minecraft:walk_one_cm":1619,"minecraft:sneak_time":48,"minecraft:climb_one_cm":5158,"minecraft:total_world_time":1474,"minecraft:interact_with_crafting_table":1,"minecraft:fall_one_cm":627,"minecraft:fly_one_cm":2394},"minecraft:used":{"minecraft:crafting_table":1},"minecraft:mined":{"minecraft:grass":3,"minecraft:oak_log":3}},"DataVersion":3120}