{"stats":{"minecraft:killed_by":{"minecraft:sheep":1,"mutantmonsters:mutant_skeleton":1,"minecraft:spider":2,"minecraft:witch":2,"minecraft:zombie":1,"kevin_trophy:blister_zombie":3,"minecraft:cow":1,"minecraft:chicken":1},"minecraft:killed":{"minecraft:pig":3,"minecraft:spider":21,"minecraft:creeper":6,"minecraft:sheep":5,"kevin_trophy:blister_zombie":2,"kevin_trophy:crawler_zombie":1,"minecraft:zombie":6,"minecraft:cow":4},"minecraft:picked_up":{"minecraft:birch_log":1,"minecraft:enchanting_table":3,"minecraft:anvil":1,"minecraft:leather":5,"minecraft:potato":1,"minecraft:oak_log":19,"gravestone:obituary":12,"minecraft:brewing_stand":2,"minecraft:yellow_bed":8,"minecraft:gunpowder":9,"minecraft:music_disc_cat":2,"minecraft:string":30,"minecraft:dirt":10,"travelersbackpack:bookshelf":1,"minecraft:cracked_stone_bricks":1,"minecraft:wheat_seeds":4,"minecraft:beef":6,"hunting_delight:pigcorpse":1,"minecraft:smooth_quartz":6,"minecraft:sugar_cane":6,"minecraft:piston":5,"minecraft:egg":1,"minecraft:book":15,"minecraft:stick":3,"minecraft:music_disc_13":2,"hunting_delight:humanmeat":16,"minecraft:torch":5,"minecraft:quartz":3,"minecraft:porkchop":7,"minecraft:spruce_sapling":3,"minecraft:pointed_dripstone":3,"minecraft:spruce_log":6,"hunting_delight:chitin":12,"minecraft:fermented_spider_eye":1,"minecraft:spider_eye":4,"hunting_delight:animal_fat":15,"minecraft:stone_sword":2,"minecraft:arrow":2,"minecraft:light_gray_bed":3,"minecraft:rotten_flesh":12,"minecraft:lever":1,"k_turrets:raw_titanium":7,"hunting_delight:broken_bone":159,"hunting_delight:worm":6,"minecraft:oak_sapling":4,"minecraft:black_wool":1,"minecraft:mutton":6,"minecraft:coal":29,"minecraft:white_wool":5,"minecraft:cobblestone":36},"minecraft:dropped":{"minecraft:furnace":1,"minecraft:piston":2,"minecraft:wheat_seeds":4,"minecraft:stone_sword":1,"hunting_delight:humanmeat":2,"hunting_delight:broken_bone":4,"minecraft:rotten_flesh":2,"hunting_delight:chitin":6,"minecraft:cracked_stone_bricks":1,"minecraft:music_disc_13":1,"minecraft:stick":2,"minecraft:dirt":2,"minecraft:oak_sapling":4,"gravestone:obituary":24,"hunting_delight:worm":4,"minecraft:string":2,"minecraft:quartz":3},"minecraft:crafted":{"minecraft:oak_planks":76,"minecraft:crafting_table":5,"minecraft:spruce_planks":20,"minecraft:wooden_pickaxe":1,"minecraft:bone_meal":110,"minecraft:birch_planks":4,"minecraft:stone_axe":2,"minecraft:oak_boat":1,"minecraft:stick":12,"minecraft:spruce_slab":12,"minecraft:stone_pickaxe":1,"minecraft:stone_sword":1,"firstaid:bandage":1},"minecraft:custom":{"minecraft:interact_with_furnace":1,"minecraft:mob_kills":49,"minecraft:interact_with_crafting_table":14,"minecraft:damage_dealt_resisted":385,"minecraft:time_since_death":2061,"minecraft:leave_game":7,"minecraft:sleep_in_bed":3,"minecraft:climb_one_cm":37584,"minecraft:time_since_rest":2086,"minecraft:sprint_one_cm":196158,"minecraft:damage_taken":3212,"minecraft:walk_one_cm":154994,"minecraft:drop":55,"minecraft:damage_dealt":7634,"minecraft:swim_one_cm":4394,"minecraft:fly_one_cm":249334,"minecraft:open_chest":9,"minecraft:play_time":85556,"minecraft:crouch_one_cm":8975,"minecraft:deaths":13,"minecraft:sneak_time":3141,"minecraft:walk_under_water_one_cm":4873,"minecraft:jump":2001,"minecraft:walk_on_water_one_cm":9463,"minecraft:total_world_time":85556,"minecraft:fall_one_cm":58714},"minecraft:broken":{"minecraft:stone_axe":1},"minecraft:used":{"minecraft:enchanting_table":2,"minecraft:stone_sword":101,"minecraft:spruce_slab":12,"minecraft:stone_pickaxe":81,"minecraft:oak_planks":56,"minecraft:spruce_planks":3,"minecraft:wooden_pickaxe":13,"minecraft:torch":5,"minecraft:brewing_stand":1,"minecraft:dirt":9,"minecraft:crafting_table":5,"minecraft:spruce_log":1,"minecraft:piston":1,"minecraft:lever":1,"minecraft:apple":1,"travelersbackpack:bookshelf":5,"hunting_delight:worm":2,"minecraft:smooth_quartz":6,"minecraft:spruce_sapling":1,"minecraft:stone_axe":89,"minecraft:cobblestone":12,"hunting_delight:pigcorpse":1,"minecraft:porkchop":2,"minecraft:yellow_bed":8,"minecraft:egg":1,"minecraft:light_gray_bed":3},"minecraft:mined":{"minecraft:brewing_stand":2,"minecraft:gray_stained_glass_pane":4,"minecraft:torch":1,"minecraft:lever":1,"gravestone:gravestone":15,"minecraft:grass_block":5,"hunting_delight:pigcorpse":1,"minecraft:light_gray_bed":3,"minecraft:cobblestone":1,"minecraft:spruce_leaves":1,"minecraft:sugar_cane":2,"minecraft:birch_log":1,"minecraft:spruce_log":6,"minecraft:birch_leaves":2,"minecraft:anvil":1,"minecraft:yellow_bed":8,"minecraft:enchanting_table":3,"k_turrets:titanium_ore":9,"minecraft:grass":6,"minecraft:coal_ore":29,"minecraft:bookshelf":5,"minecraft:pointed_dripstone":1,"minecraft:oak_log":19,"minecraft:smooth_quartz":7,"minecraft:dirt":5,"minecraft:cobweb":1,"minecraft:cracked_stone_bricks":2,"minecraft:stone":23,"minecraft:stone_bricks":3,"minecraft:piston":3,"minecraft:oak_leaves":3}},"DataVersion":3120}