{"stats":{"minecraft:killed":{"minecraft:spider":32,"minecraft:pig":3,"minecraft:creeper":8,"minecraft:sheep":5,"kevin_trophy:blister_zombie":2,"kevin_trophy:crawler_zombie":1,"minecraft:zombie":19,"minecraft:blaze":5,"minecraft:cow":4},"minecraft:killed_by":{"minecraft:sheep":1,"minecraft:spider":4,"minecraft:creeper":2,"minecraft:drowned":2,"minecraft:chicken":1,"mutantmonsters:mutant_skeleton":2,"minecraft:guardian":1,"minecraft:blaze":20,"minecraft:witch":2,"minecraft:zombie":8,"kevin_trophy:blister_zombie":3,"minecraft:cow":1},"minecraft:picked_up":{"minecraft:crafting_table":1,"minecraft:wheat":2,"minecraft:anvil":2,"minecraft:flower_pot":3,"minecraft:smithing_table":1,"gravestone:obituary":47,"minecraft:brewing_stand":2,"minecraft:music_disc_cat":2,"minecraft:string":40,"minecraft:acacia_door":2,"minecraft:wooden_sword":1,"minecraft:smooth_stone_slab":4,"minecraft:item_frame":2,"minecraft:cracked_stone_bricks":1,"minecraft:gold_nugget":2,"minecraft:smooth_stone":2,"minecraft:spruce_planks":2,"minecraft:beef":6,"minecraft:oak_boat":12,"minecraft:redstone_torch":3,"minecraft:iron_nugget":3,"hunting_delight:pigcorpse":1,"minecraft:smooth_quartz":8,"minecraft:minecart":4,"minecraft:sugar_cane":18,"minecraft:chest":1,"minecraft:birch_sapling":2,"minecraft:piston":5,"minecraft:egg":2,"minecraft:blue_wool":16,"minecraft:stick":6,"hunting_delight:humanmeat":40,"minecraft:torch":8,"minecraft:porkchop":7,"minecraft:pointed_dripstone":3,"hunting_delight:chitin":32,"minecraft:redstone":5,"minecraft:cauldron":2,"minecraft:goat_horn":1,"minecraft:cactus":3,"minecraft:stone_sword":3,"minecraft:arrow":2,"minecraft:light_gray_bed":18,"minecraft:rotten_flesh":26,"k_turrets:raw_titanium":12,"minecraft:cyan_terracotta":5,"minecraft:gold_ingot":2,"hunting_delight:worm":6,"minecraft:blaze_rod":3,"minecraft:mutton":6,"minecraft:white_wool":29,"minecraft:cobblestone":40,"minecraft:birch_log":9,"minecraft:enchanting_table":3,"minecraft:cooked_beef":5,"minecraft:water_bucket":1,"minecraft:leather":5,"minecraft:potato":1,"minecraft:birch_planks":8,"minecraft:oak_log":46,"minecraft:gunpowder":11,"minecraft:yellow_bed":8,"minecraft:cobblestone_wall":1,"minecraft:dirt":29,"travelersbackpack:bookshelf":1,"minecraft:stone_bricks":3,"minecraft:wheat_seeds":4,"minecraft:stone_pickaxe":2,"minecraft:mossy_stone_bricks":1,"minecraft:moss_block":5,"minecraft:oak_planks":12,"minecraft:book":63,"minecraft:birch_boat":3,"minecraft:music_disc_13":2,"minecraft:sweet_berries":15,"bunker_down:underroot_stage_1":2,"minecraft:quartz":3,"minecraft:dandelion":1,"minecraft:gravel":6,"minecraft:spruce_sapling":3,"minecraft:spruce_log":12,"minecraft:fermented_spider_eye":1,"minecraft:spider_eye":6,"hunting_delight:animal_fat":15,"minecraft:polished_diorite":1,"minecraft:lever":1,"hunting_delight:broken_bone":360,"minecraft:oak_sapling":20,"minecraft:black_wool":1,"minecraft:coal":29},"minecraft:dropped":{"minecraft:piston":2,"minecraft:wheat_seeds":4,"minecraft:cooked_beef":1,"hunting_delight:humanmeat":2,"hunting_delight:broken_bone":13,"hunting_delight:chitin":6,"minecraft:cracked_stone_bricks":1,"hunting_delight:chitinous_armor_boots":1,"minecraft:item_frame":1,"minecraft:stick":2,"minecraft:music_disc_13":1,"minecraft:dirt":2,"minecraft:smooth_quartz":1,"minecraft:wooden_sword":2,"gravestone:obituary":94,"hunting_delight:worm":4,"minecraft:smooth_stone":1,"minecraft:string":6,"minecraft:dandelion":1,"minecraft:redstone":5,"minecraft:gravel":1,"minecraft:furnace":1,"minecraft:stone_sword":2,"minecraft:smooth_stone_slab":4,"minecraft:wheat":2,"minecraft:blue_wool":16,"minecraft:rotten_flesh":6,"minecraft:oak_planks":1,"minecraft:leather_chestplate":1,"minecraft:flower_pot":1,"minecraft:spruce_planks":3,"minecraft:mossy_stone_bricks":1,"minecraft:oak_boat":1,"minecraft:oak_sapling":15,"minecraft:redstone_torch":1,"minecraft:stone_bricks":1,"minecraft:spider_eye":2,"minecraft:spruce_log":6,"minecraft:wooden_pickaxe":1,"minecraft:stone_pickaxe":3,"minecraft:quartz":3},"minecraft:crafted":{"minecraft:wooden_sword":1,"minecraft:oak_planks":184,"minecraft:birch_boat":1,"minecraft:bone_meal":110,"firstaid:plaster":1,"minecraft:spruce_slab":12,"minecraft:stone_pickaxe":1,"minecraft:minecart":1,"travelersbackpack:bookshelf":1,"minecraft:crafting_table":17,"minecraft:spruce_planks":20,"minecraft:wooden_pickaxe":1,"minecraft:smithing_table":1,"minecraft:birch_planks":36,"minecraft:stone_axe":2,"hunting_delight:chitinous_armor_boots":2,"minecraft:oak_boat":8,"minecraft:stick":16,"minecraft:stone_sword":2,"firstaid:bandage":6,"minecraft:white_bed":1,"hunting_delight:chitinous_shield":10,"minecraft:torch":4},"minecraft:custom":{"minecraft:interact_with_smithing_table":1,"minecraft:mob_kills":82,"minecraft:interact_with_crafting_table":50,"minecraft:open_barrel":11,"minecraft:interact_with_campfire":6,"minecraft:damage_dealt_resisted":385,"minecraft:leave_game":19,"minecraft:time_since_death":9242,"minecraft:climb_one_cm":51376,"minecraft:sprint_one_cm":553834,"minecraft:walk_one_cm":345966,"minecraft:drop":171,"minecraft:play_time":214705,"minecraft:deaths":48,"minecraft:sneak_time":4808,"minecraft:walk_under_water_one_cm":26623,"minecraft:boat_one_cm":53510,"minecraft:jump":5094,"minecraft:interact_with_brewingstand":1,"minecraft:walk_on_water_one_cm":83474,"minecraft:total_world_time":214705,"minecraft:interact_with_furnace":3,"minecraft:sleep_in_bed":8,"minecraft:time_since_rest":9323,"minecraft:damage_taken":9629,"minecraft:minecart_one_cm":137982,"minecraft:damage_dealt":14023,"minecraft:swim_one_cm":54045,"minecraft:fly_one_cm":604408,"minecraft:open_chest":31,"minecraft:crouch_one_cm":12245,"minecraft:fall_one_cm":131456},"minecraft:broken":{"minecraft:stone_sword":1,"minecraft:leather_chestplate":1,"minecraft:stone_axe":1},"minecraft:used":{"minecraft:moss_block":5,"minecraft:enchanting_table":2,"minecraft:stone_sword":251,"minecraft:spruce_slab":12,"minecraft:spruce_planks":3,"minecraft:torch":12,"minecraft:brewing_stand":1,"minecraft:dirt":28,"minecraft:cobblestone_wall":1,"minecraft:polished_diorite":1,"minecraft:cyan_terracotta":5,"minecraft:birch_sapling":2,"hunting_delight:worm":2,"minecraft:smooth_quartz":7,"minecraft:stone_bricks":1,"minecraft:item_frame":1,"minecraft:sweet_berries":1,"hunting_delight:pigcorpse":1,"minecraft:minecart":5,"minecraft:egg":2,"minecraft:cooked_beef":1,"minecraft:light_gray_bed":18,"minecraft:water_bucket":5,"minecraft:birch_planks":4,"minecraft:stone_pickaxe":114,"minecraft:oak_planks":92,"minecraft:birch_boat":4,"minecraft:wooden_pickaxe":17,"minecraft:crafting_table":17,"hunting_delight:humanmeat":4,"minecraft:white_bed":1,"minecraft:spruce_log":1,"minecraft:piston":1,"minecraft:lever":1,"minecraft:flower_pot":2,"minecraft:apple":1,"bunker_down:underroot_stage_1":2,"travelersbackpack:bookshelf":11,"minecraft:bread":5,"minecraft:spruce_sapling":1,"minecraft:gravel":5,"minecraft:stone_axe":155,"minecraft:wooden_sword":8,"minecraft:cobblestone":15,"minecraft:porkchop":2,"minecraft:smithing_table":1,"minecraft:bucket":6,"minecraft:yellow_bed":8,"minecraft:oak_boat":18,"minecraft:smooth_stone":1,"minecraft:experience_bottle":1},"minecraft:mined":{"minecraft:light_blue_stained_glass_pane":4,"minecraft:jungle_leaves":1,"minecraft:potted_cactus":3,"minecraft:brewing_stand":2,"minecraft:gray_stained_glass_pane":7,"minecraft:lever":1,"gravestone:gravestone":51,"minecraft:grass_block":13,"hunting_delight:pigcorpse":1,"minecraft:white_stained_glass":6,"minecraft:light_gray_bed":17,"minecraft:spruce_leaves":8,"minecraft:polished_diorite":1,"minecraft:blue_wool":16,"minecraft:moss_block":3,"minecraft:spawner":14,"minecraft:large_fern":6,"minecraft:smooth_stone":2,"minecraft:tall_seagrass":1,"minecraft:fire":7,"minecraft:anvil":2,"minecraft:enchanting_table":3,"minecraft:bookshelf":21,"minecraft:pointed_dripstone":1,"minecraft:stone":25,"minecraft:white_wool":24,"minecraft:smithing_table":1,"minecraft:glass_pane":4,"minecraft:dandelion":1,"minecraft:blue_stained_glass":2,"minecraft:torch":2,"minecraft:gray_stained_glass":7,"minecraft:chest":1,"minecraft:glass":18,"minecraft:cobblestone":1,"minecraft:oak_planks":5,"minecraft:sugar_cane":6,"bunker_down:underroot":1,"minecraft:cauldron":2,"minecraft:cobblestone_wall":1,"minecraft:birch_log":9,"minecraft:sweet_berry_bush":7,"minecraft:spruce_log":6,"minecraft:birch_leaves":8,"minecraft:yellow_bed":8,"minecraft:smooth_stone_slab":2,"k_turrets:titanium_ore":9,"minecraft:grass":12,"minecraft:coal_ore":29,"minecraft:oak_log":46,"minecraft:gravel":6,"minecraft:smooth_quartz":9,"minecraft:dirt":16,"minecraft:cobweb":8,"minecraft:cracked_stone_bricks":2,"minecraft:stone_bricks":4,"minecraft:piston":3,"minecraft:oak_leaves":7,"minecraft:fern":1}},"DataVersion":3120}