{"stats":{"minecraft:killed_by":{"mutantmonsters:mutant_skeleton":1,"minecraft:witch":2,"kevin_trophy:blister_zombie":1,"minecraft:cow":1,"minecraft:chicken":1},"minecraft:killed":{"minecraft:pig":3,"minecraft:spider":2,"minecraft:creeper":5,"kevin_trophy:blister_zombie":1,"minecraft:sheep":3,"kevin_trophy:crawler_zombie":1,"minecraft:zombie":6,"minecraft:cow":4},"minecraft:picked_up":{"minecraft:birch_log":1,"minecraft:enchanting_table":2,"minecraft:anvil":1,"minecraft:leather":5,"minecraft:oak_log":19,"minecraft:brewing_stand":2,"minecraft:yellow_bed":5,"minecraft:gunpowder":8,"minecraft:string":1,"minecraft:dirt":10,"travelersbackpack:bookshelf":1,"minecraft:wheat_seeds":2,"minecraft:beef":6,"minecraft:smooth_quartz":5,"hunting_delight:pigcorpse":1,"minecraft:sugar_cane":6,"minecraft:piston":3,"minecraft:egg":1,"minecraft:book":6,"minecraft:stick":2,"hunting_delight:humanmeat":12,"minecraft:torch":2,"minecraft:quartz":1,"minecraft:porkchop":7,"minecraft:spruce_sapling":3,"minecraft:pointed_dripstone":3,"minecraft:spruce_log":6,"minecraft:fermented_spider_eye":1,"hunting_delight:animal_fat":9,"minecraft:arrow":2,"minecraft:light_gray_bed":3,"minecraft:rotten_flesh":3,"minecraft:lever":1,"k_turrets:raw_titanium":7,"hunting_delight:broken_bone":88,"minecraft:oak_sapling":4,"hunting_delight:worm":6,"minecraft:mutton":3,"minecraft:coal":29,"minecraft:white_wool":3,"minecraft:cobblestone":33},"minecraft:dropped":{"minecraft:stick":1,"minecraft:dirt":2,"minecraft:oak_sapling":2,"gravestone:obituary":6,"hunting_delight:worm":4},"minecraft:crafted":{"minecraft:oak_planks":76,"minecraft:crafting_table":4,"minecraft:spruce_planks":20,"minecraft:wooden_pickaxe":1,"minecraft:bone_meal":46,"minecraft:birch_planks":4,"minecraft:stone_axe":1,"minecraft:oak_boat":1,"minecraft:spruce_slab":6,"minecraft:stick":8,"minecraft:stone_sword":1,"minecraft:stone_pickaxe":1},"minecraft:custom":{"minecraft:mob_kills":25,"minecraft:interact_with_crafting_table":7,"minecraft:damage_dealt_resisted":385,"minecraft:time_since_death":11802,"minecraft:leave_game":4,"minecraft:sleep_in_bed":3,"minecraft:climb_one_cm":19762,"minecraft:time_since_rest":9521,"minecraft:sprint_one_cm":132635,"minecraft:damage_taken":2087,"minecraft:walk_one_cm":98558,"minecraft:drop":15,"minecraft:damage_dealt":3903,"minecraft:swim_one_cm":4394,"minecraft:fly_one_cm":205619,"minecraft:open_chest":5,"minecraft:crouch_one_cm":5329,"minecraft:play_time":62312,"minecraft:deaths":7,"minecraft:sneak_time":2195,"minecraft:walk_under_water_one_cm":4873,"minecraft:jump":1668,"minecraft:walk_on_water_one_cm":7480,"minecraft:total_world_time":62312,"minecraft:fall_one_cm":55488},"minecraft:broken":{"minecraft:stone_axe":1},"minecraft:used":{"minecraft:stone_sword":18,"minecraft:enchanting_table":2,"minecraft:spruce_slab":5,"minecraft:stone_pickaxe":75,"minecraft:oak_planks":56,"minecraft:wooden_pickaxe":13,"minecraft:torch":1,"minecraft:brewing_stand":1,"minecraft:dirt":9,"minecraft:crafting_table":4,"minecraft:spruce_log":1,"minecraft:piston":1,"travelersbackpack:bookshelf":4,"hunting_delight:worm":2,"minecraft:spruce_sapling":1,"minecraft:stone_axe":86,"minecraft:cobblestone":12,"hunting_delight:pigcorpse":1,"minecraft:porkchop":2,"minecraft:yellow_bed":5,"minecraft:egg":1,"minecraft:light_gray_bed":3},"minecraft:mined":{"minecraft:brewing_stand":2,"minecraft:gray_stained_glass_pane":2,"minecraft:torch":1,"minecraft:lever":1,"gravestone:gravestone":9,"minecraft:grass_block":5,"hunting_delight:pigcorpse":1,"minecraft:light_gray_bed":3,"minecraft:spruce_leaves":1,"minecraft:sugar_cane":2,"minecraft:birch_log":1,"minecraft:spruce_log":6,"minecraft:birch_leaves":2,"minecraft:anvil":1,"minecraft:yellow_bed":5,"minecraft:enchanting_table":2,"minecraft:bookshelf":2,"minecraft:grass":6,"k_turrets:titanium_ore":9,"minecraft:coal_ore":29,"minecraft:pointed_dripstone":1,"minecraft:oak_log":19,"minecraft:smooth_quartz":6,"minecraft:dirt":5,"minecraft:cobweb":1,"minecraft:cracked_stone_bricks":1,"minecraft:stone":21,"minecraft:stone_bricks":3,"minecraft:piston":3,"minecraft:oak_leaves":3}},"DataVersion":3120}