{"stats":{"minecraft:killed_by":{"minecraft:cow":1,"mutantmonsters:mutant_skeleton":1},"minecraft:killed":{"minecraft:pig":3,"minecraft:cow":2},"minecraft:picked_up":{"minecraft:birch_log":1,"hunting_delight:humanmeat":1,"minecraft:leather":3,"minecraft:porkchop":7,"minecraft:oak_log":14,"minecraft:spruce_sapling":3,"minecraft:spruce_log":6,"minecraft:dirt":8,"hunting_delight:animal_fat":4,"k_turrets:raw_titanium":4,"minecraft:beef":4,"hunting_delight:broken_bone":21,"hunting_delight:pigcorpse":1,"minecraft:oak_sapling":2,"hunting_delight:worm":6,"minecraft:cobblestone":14},"minecraft:dropped":{"minecraft:oak_sapling":2,"gravestone:obituary":3,"hunting_delight:worm":4},"minecraft:crafted":{"minecraft:oak_planks":56,"minecraft:crafting_table":1,"minecraft:stick":8,"minecraft:wooden_pickaxe":1,"minecraft:stone_pickaxe":1,"minecraft:birch_planks":4,"minecraft:stone_axe":1},"minecraft:custom":{"minecraft:time_since_rest":1324,"minecraft:sprint_one_cm":45385,"minecraft:damage_taken":1057,"minecraft:walk_one_cm":32784,"minecraft:mob_kills":5,"minecraft:drop":9,"minecraft:damage_dealt":846,"minecraft:interact_with_crafting_table":3,"minecraft:fly_one_cm":93018,"minecraft:open_chest":2,"minecraft:crouch_one_cm":1649,"minecraft:play_time":27602,"minecraft:deaths":3,"minecraft:sneak_time":980,"minecraft:damage_dealt_resisted":385,"minecraft:jump":640,"minecraft:leave_game":2,"minecraft:time_since_death":1295,"minecraft:sleep_in_bed":1,"minecraft:total_world_time":27602,"minecraft:climb_one_cm":14095,"minecraft:fall_one_cm":24308},"minecraft:used":{"minecraft:stone_pickaxe":5,"minecraft:oak_planks":18,"minecraft:wooden_pickaxe":13,"hunting_delight:worm":2,"minecraft:spruce_sapling":1,"minecraft:stone_axe":36,"minecraft:dirt":8,"minecraft:crafting_table":1,"minecraft:porkchop":2,"hunting_delight:pigcorpse":1,"minecraft:spruce_log":1},"minecraft:mined":{"minecraft:birch_log":1,"minecraft:spruce_log":6,"minecraft:birch_leaves":2,"gravestone:gravestone":3,"k_turrets:titanium_ore":4,"minecraft:grass":2,"minecraft:grass_block":4,"minecraft:oak_log":14,"hunting_delight:pigcorpse":1,"minecraft:dirt":5,"minecraft:spruce_leaves":1,"minecraft:stone":14,"minecraft:oak_leaves":1}},"DataVersion":3120}