{"stats":{"minecraft:killed_by":{"mutantmonsters:mutant_skeleton":1,"kevin_trophy:blister_zombie":1,"minecraft:cow":1},"minecraft:killed":{"minecraft:pig":3,"minecraft:creeper":3,"minecraft:sheep":2,"kevin_trophy:blister_zombie":1,"kevin_trophy:crawler_zombie":1,"minecraft:cow":4},"minecraft:picked_up":{"minecraft:birch_log":1,"minecraft:leather":5,"minecraft:oak_log":19,"minecraft:brewing_stand":1,"minecraft:yellow_bed":3,"minecraft:gunpowder":4,"minecraft:dirt":8,"minecraft:beef":6,"hunting_delight:pigcorpse":1,"minecraft:piston":2,"hunting_delight:humanmeat":6,"minecraft:quartz":1,"minecraft:porkchop":7,"minecraft:spruce_sapling":3,"minecraft:spruce_log":6,"minecraft:fermented_spider_eye":1,"hunting_delight:animal_fat":8,"minecraft:light_gray_bed":2,"minecraft:lever":1,"k_turrets:raw_titanium":4,"hunting_delight:broken_bone":55,"hunting_delight:worm":6,"minecraft:oak_sapling":4,"minecraft:mutton":2,"minecraft:white_wool":2,"minecraft:cobblestone":16},"minecraft:dropped":{"minecraft:oak_sapling":2,"gravestone:obituary":4,"hunting_delight:worm":4},"minecraft:crafted":{"minecraft:oak_planks":56,"minecraft:crafting_table":2,"minecraft:wooden_pickaxe":1,"minecraft:bone_meal":46,"minecraft:birch_planks":4,"minecraft:stone_axe":1,"minecraft:stick":8,"minecraft:stone_pickaxe":1},"minecraft:custom":{"minecraft:mob_kills":14,"minecraft:interact_with_crafting_table":4,"minecraft:damage_dealt_resisted":385,"minecraft:leave_game":2,"minecraft:time_since_death":5671,"minecraft:sleep_in_bed":2,"minecraft:climb_one_cm":18115,"minecraft:time_since_rest":818,"minecraft:sprint_one_cm":75121,"minecraft:damage_taken":1192,"minecraft:walk_one_cm":58329,"minecraft:drop":10,"minecraft:damage_dealt":2049,"minecraft:swim_one_cm":2492,"minecraft:fly_one_cm":141960,"minecraft:open_chest":2,"minecraft:crouch_one_cm":1895,"minecraft:play_time":39602,"minecraft:deaths":4,"minecraft:sneak_time":1092,"minecraft:walk_under_water_one_cm":4095,"minecraft:jump":1015,"minecraft:walk_on_water_one_cm":2852,"minecraft:total_world_time":39602,"minecraft:fall_one_cm":37595},"minecraft:used":{"minecraft:stone_pickaxe":11,"minecraft:oak_planks":25,"minecraft:wooden_pickaxe":13,"minecraft:dirt":9,"minecraft:crafting_table":2,"minecraft:spruce_log":1,"hunting_delight:worm":2,"minecraft:spruce_sapling":1,"minecraft:stone_axe":66,"hunting_delight:pigcorpse":1,"minecraft:porkchop":2,"minecraft:yellow_bed":2,"minecraft:light_gray_bed":1},"minecraft:mined":{"minecraft:brewing_stand":1,"minecraft:lever":1,"gravestone:gravestone":5,"minecraft:grass_block":4,"hunting_delight:pigcorpse":1,"minecraft:light_gray_bed":2,"minecraft:spruce_leaves":1,"minecraft:birch_log":1,"minecraft:spruce_log":6,"minecraft:birch_leaves":2,"minecraft:yellow_bed":3,"minecraft:grass":4,"k_turrets:titanium_ore":4,"minecraft:oak_log":19,"minecraft:dirt":5,"minecraft:stone":16,"minecraft:piston":2,"minecraft:oak_leaves":1}},"DataVersion":3120}