{"stats":{"minecraft:picked_up":{"minecraft:birch_log":1,"minecraft:oak_log":14,"minecraft:spruce_sapling":3,"minecraft:spruce_log":6,"minecraft:dirt":7,"minecraft:oak_sapling":2,"hunting_delight:worm":6,"minecraft:cobblestone":13},"minecraft:dropped":{"minecraft:oak_sapling":2,"hunting_delight:worm":4},"minecraft:crafted":{"minecraft:oak_planks":8,"minecraft:crafting_table":1,"minecraft:stick":8,"minecraft:wooden_pickaxe":1,"minecraft:stone_pickaxe":1,"minecraft:birch_planks":4,"minecraft:stone_axe":1},"minecraft:custom":{"minecraft:time_since_rest":15602,"minecraft:sprint_one_cm":24368,"minecraft:damage_taken":20,"minecraft:walk_one_cm":15748,"minecraft:drop":6,"minecraft:interact_with_crafting_table":3,"minecraft:fly_one_cm":60612,"minecraft:open_chest":2,"minecraft:play_time":15602,"minecraft:sneak_time":62,"minecraft:jump":260,"minecraft:leave_game":2,"minecraft:time_since_death":15602,"minecraft:total_world_time":15602,"minecraft:climb_one_cm":5740,"minecraft:fall_one_cm":8661},"minecraft:used":{"minecraft:wooden_pickaxe":13,"hunting_delight:worm":2,"minecraft:spruce_sapling":1,"minecraft:stone_axe":21,"minecraft:dirt":7,"minecraft:crafting_table":1,"minecraft:spruce_log":1},"minecraft:mined":{"minecraft:birch_log":1,"minecraft:spruce_log":6,"minecraft:birch_leaves":2,"minecraft:grass_block":2,"minecraft:oak_log":14,"minecraft:dirt":5,"minecraft:spruce_leaves":1,"minecraft:stone":13,"minecraft:oak_leaves":1}},"DataVersion":3120}