{"stats":{"minecraft:killed":{"minecraft:spider":31,"minecraft:pig":3,"minecraft:creeper":8,"minecraft:sheep":5,"kevin_trophy:blister_zombie":2,"kevin_trophy:crawler_zombie":1,"minecraft:zombie":18,"minecraft:blaze":5,"minecraft:cow":4},"minecraft:killed_by":{"minecraft:sheep":1,"minecraft:creeper":1,"minecraft:spider":4,"minecraft:drowned":1,"minecraft:chicken":1,"mutantmonsters:mutant_skeleton":2,"minecraft:guardian":1,"minecraft:blaze":20,"minecraft:witch":2,"minecraft:zombie":6,"kevin_trophy:blister_zombie":3,"minecraft:cow":1},"minecraft:picked_up":{"minecraft:wheat":2,"minecraft:flower_pot":3,"minecraft:anvil":2,"minecraft:smithing_table":1,"gravestone:obituary":46,"minecraft:brewing_stand":2,"minecraft:music_disc_cat":2,"minecraft:string":40,"minecraft:wooden_sword":1,"minecraft:smooth_stone_slab":4,"minecraft:item_frame":2,"minecraft:gold_nugget":2,"minecraft:cracked_stone_bricks":1,"minecraft:smooth_stone":2,"minecraft:spruce_planks":2,"minecraft:beef":6,"minecraft:oak_boat":4,"minecraft:iron_nugget":3,"hunting_delight:pigcorpse":1,"minecraft:smooth_quartz":8,"minecraft:sugar_cane":6,"minecraft:chest":1,"minecraft:piston":5,"minecraft:egg":2,"minecraft:blue_wool":16,"minecraft:stick":6,"hunting_delight:humanmeat":36,"minecraft:torch":8,"minecraft:porkchop":7,"minecraft:pointed_dripstone":3,"hunting_delight:chitin":32,"minecraft:redstone":5,"minecraft:cauldron":2,"minecraft:goat_horn":1,"minecraft:cactus":3,"minecraft:stone_sword":3,"minecraft:arrow":2,"minecraft:light_gray_bed":18,"minecraft:rotten_flesh":25,"k_turrets:raw_titanium":12,"minecraft:cyan_terracotta":5,"minecraft:gold_ingot":2,"hunting_delight:worm":6,"minecraft:blaze_rod":3,"minecraft:mutton":6,"minecraft:white_wool":29,"minecraft:cobblestone":40,"minecraft:birch_log":5,"minecraft:enchanting_table":3,"minecraft:cooked_beef":5,"minecraft:water_bucket":1,"minecraft:leather":5,"minecraft:potato":1,"minecraft:birch_planks":8,"minecraft:oak_log":36,"minecraft:cobblestone_wall":1,"minecraft:yellow_bed":8,"minecraft:gunpowder":11,"minecraft:dirt":16,"travelersbackpack:bookshelf":1,"minecraft:stone_bricks":1,"minecraft:wheat_seeds":4,"minecraft:stone_pickaxe":2,"minecraft:oak_planks":4,"minecraft:book":63,"minecraft:birch_boat":3,"minecraft:music_disc_13":2,"minecraft:sweet_berries":15,"minecraft:quartz":3,"minecraft:dandelion":1,"minecraft:spruce_sapling":3,"minecraft:spruce_log":12,"minecraft:fermented_spider_eye":1,"minecraft:spider_eye":6,"hunting_delight:animal_fat":15,"minecraft:polished_diorite":1,"minecraft:lever":1,"hunting_delight:broken_bone":348,"minecraft:oak_sapling":20,"minecraft:black_wool":1,"minecraft:coal":29},"minecraft:dropped":{"minecraft:piston":2,"minecraft:wheat_seeds":4,"minecraft:cooked_beef":1,"hunting_delight:humanmeat":2,"hunting_delight:broken_bone":13,"hunting_delight:chitin":6,"minecraft:cracked_stone_bricks":1,"hunting_delight:chitinous_armor_boots":1,"minecraft:item_frame":1,"minecraft:stick":2,"minecraft:music_disc_13":1,"minecraft:dirt":2,"minecraft:smooth_quartz":1,"minecraft:wooden_sword":1,"gravestone:obituary":89,"hunting_delight:worm":4,"minecraft:smooth_stone":1,"minecraft:string":6,"minecraft:dandelion":1,"minecraft:redstone":5,"minecraft:furnace":1,"minecraft:stone_sword":2,"minecraft:wheat":2,"minecraft:blue_wool":16,"minecraft:rotten_flesh":6,"minecraft:leather_chestplate":1,"minecraft:flower_pot":1,"minecraft:spruce_planks":3,"minecraft:oak_sapling":15,"minecraft:spider_eye":2,"minecraft:spruce_log":6,"minecraft:stone_pickaxe":3,"minecraft:quartz":3},"minecraft:crafted":{"minecraft:oak_planks":144,"minecraft:birch_boat":1,"minecraft:bone_meal":110,"firstaid:plaster":1,"minecraft:spruce_slab":12,"minecraft:stone_pickaxe":1,"travelersbackpack:bookshelf":1,"minecraft:crafting_table":12,"minecraft:spruce_planks":20,"minecraft:wooden_pickaxe":1,"minecraft:smithing_table":1,"minecraft:birch_planks":20,"minecraft:stone_axe":2,"hunting_delight:chitinous_armor_boots":2,"minecraft:oak_boat":4,"minecraft:stick":12,"minecraft:stone_sword":2,"firstaid:bandage":6,"hunting_delight:chitinous_shield":10,"minecraft:torch":4},"minecraft:custom":{"minecraft:interact_with_smithing_table":1,"minecraft:mob_kills":80,"minecraft:interact_with_crafting_table":41,"minecraft:open_barrel":5,"minecraft:interact_with_campfire":6,"minecraft:damage_dealt_resisted":385,"minecraft:leave_game":12,"minecraft:time_since_death":13740,"minecraft:climb_one_cm":51122,"minecraft:sprint_one_cm":437676,"minecraft:walk_one_cm":309637,"minecraft:drop":157,"minecraft:play_time":174278,"minecraft:deaths":44,"minecraft:sneak_time":4567,"minecraft:walk_under_water_one_cm":17680,"minecraft:boat_one_cm":48897,"minecraft:jump":3946,"minecraft:interact_with_brewingstand":1,"minecraft:walk_on_water_one_cm":65597,"minecraft:total_world_time":174278,"minecraft:interact_with_furnace":2,"minecraft:sleep_in_bed":8,"minecraft:time_since_rest":13763,"minecraft:damage_taken":8460,"minecraft:damage_dealt":13318,"minecraft:swim_one_cm":31015,"minecraft:fly_one_cm":473176,"minecraft:open_chest":30,"minecraft:crouch_one_cm":11689,"minecraft:fall_one_cm":101090},"minecraft:broken":{"minecraft:stone_sword":1,"minecraft:leather_chestplate":1,"minecraft:stone_axe":1},"minecraft:used":{"minecraft:enchanting_table":2,"minecraft:stone_sword":251,"minecraft:spruce_slab":12,"minecraft:spruce_planks":3,"minecraft:torch":12,"minecraft:brewing_stand":1,"minecraft:dirt":15,"minecraft:cobblestone_wall":1,"minecraft:cyan_terracotta":5,"hunting_delight:worm":2,"minecraft:smooth_quartz":7,"minecraft:stone_bricks":1,"minecraft:item_frame":1,"minecraft:sweet_berries":1,"hunting_delight:pigcorpse":1,"minecraft:egg":2,"minecraft:cooked_beef":1,"minecraft:light_gray_bed":18,"minecraft:water_bucket":5,"minecraft:birch_planks":3,"minecraft:stone_pickaxe":114,"minecraft:oak_planks":89,"minecraft:birch_boat":4,"minecraft:wooden_pickaxe":17,"minecraft:crafting_table":12,"hunting_delight:humanmeat":2,"minecraft:spruce_log":1,"minecraft:piston":1,"minecraft:lever":1,"minecraft:flower_pot":2,"minecraft:apple":1,"travelersbackpack:bookshelf":11,"minecraft:bread":5,"minecraft:spruce_sapling":1,"minecraft:stone_axe":148,"minecraft:cobblestone":15,"minecraft:porkchop":2,"minecraft:smithing_table":1,"minecraft:bucket":6,"minecraft:yellow_bed":8,"minecraft:oak_boat":8,"minecraft:smooth_stone":1,"minecraft:experience_bottle":1},"minecraft:mined":{"minecraft:potted_cactus":3,"minecraft:brewing_stand":2,"minecraft:gray_stained_glass_pane":7,"minecraft:lever":1,"gravestone:gravestone":47,"minecraft:grass_block":10,"hunting_delight:pigcorpse":1,"minecraft:white_stained_glass":4,"minecraft:light_gray_bed":17,"minecraft:polished_diorite":1,"minecraft:spruce_leaves":7,"minecraft:blue_wool":16,"minecraft:spawner":14,"minecraft:smooth_stone":2,"minecraft:tall_seagrass":1,"minecraft:fire":7,"minecraft:anvil":2,"minecraft:enchanting_table":3,"minecraft:bookshelf":21,"minecraft:pointed_dripstone":1,"minecraft:stone":25,"minecraft:white_wool":24,"minecraft:smithing_table":1,"minecraft:glass_pane":4,"minecraft:dandelion":1,"minecraft:torch":2,"minecraft:gray_stained_glass":7,"minecraft:chest":1,"minecraft:glass":10,"minecraft:cobblestone":1,"minecraft:sugar_cane":2,"minecraft:oak_planks":4,"minecraft:cauldron":2,"minecraft:cobblestone_wall":1,"minecraft:birch_log":5,"minecraft:sweet_berry_bush":7,"minecraft:spruce_log":6,"minecraft:birch_leaves":2,"minecraft:yellow_bed":8,"minecraft:smooth_stone_slab":2,"minecraft:grass":12,"k_turrets:titanium_ore":9,"minecraft:coal_ore":29,"minecraft:oak_log":36,"minecraft:smooth_quartz":9,"minecraft:dirt":6,"minecraft:cobweb":8,"minecraft:cracked_stone_bricks":2,"minecraft:stone_bricks":4,"minecraft:piston":3,"minecraft:oak_leaves":5}},"DataVersion":3120}