{"stats":{"minecraft:picked_up":{"minecraft:oak_log":2,"minecraft:birch_log":1},"minecraft:custom":{"minecraft:jump":100,"minecraft:open_chest":2,"minecraft:time_since_rest":5203,"minecraft:leave_game":1,"minecraft:sprint_one_cm":11846,"minecraft:play_time":5203,"minecraft:time_since_death":5203,"minecraft:walk_one_cm":5024,"minecraft:sneak_time":5,"minecraft:total_world_time":5203,"minecraft:climb_one_cm":4660,"minecraft:fall_one_cm":4377,"minecraft:fly_one_cm":23273},"minecraft:mined":{"minecraft:oak_log":2,"minecraft:birch_leaves":2,"minecraft:birch_log":1}},"DataVersion":3120}