{"stats":{"minecraft:killed":{"minecraft:spider":30,"minecraft:pig":3,"minecraft:creeper":8,"minecraft:sheep":5,"kevin_trophy:blister_zombie":2,"kevin_trophy:crawler_zombie":1,"minecraft:zombie":17,"minecraft:cow":4},"minecraft:killed_by":{"minecraft:sheep":1,"minecraft:spider":3,"minecraft:chicken":1,"mutantmonsters:mutant_skeleton":1,"minecraft:witch":2,"minecraft:zombie":4,"kevin_trophy:blister_zombie":3,"minecraft:cow":1},"minecraft:picked_up":{"minecraft:flower_pot":3,"minecraft:anvil":2,"minecraft:smithing_table":1,"gravestone:obituary":16,"minecraft:brewing_stand":2,"minecraft:music_disc_cat":2,"minecraft:string":40,"minecraft:wooden_sword":1,"minecraft:item_frame":2,"minecraft:cracked_stone_bricks":1,"minecraft:spruce_planks":2,"minecraft:beef":6,"minecraft:oak_boat":1,"hunting_delight:pigcorpse":1,"minecraft:smooth_quartz":8,"minecraft:sugar_cane":6,"minecraft:piston":5,"minecraft:egg":1,"minecraft:blue_wool":16,"minecraft:stick":3,"hunting_delight:humanmeat":22,"minecraft:torch":7,"minecraft:porkchop":7,"minecraft:pointed_dripstone":3,"hunting_delight:chitin":32,"minecraft:redstone":5,"minecraft:cauldron":2,"minecraft:goat_horn":1,"minecraft:cactus":3,"minecraft:stone_sword":2,"minecraft:arrow":2,"minecraft:light_gray_bed":11,"minecraft:rotten_flesh":24,"k_turrets:raw_titanium":12,"minecraft:cyan_terracotta":5,"hunting_delight:worm":6,"minecraft:mutton":6,"minecraft:white_wool":29,"minecraft:cobblestone":38,"minecraft:birch_log":1,"minecraft:enchanting_table":3,"minecraft:cooked_beef":5,"minecraft:water_bucket":1,"minecraft:leather":5,"minecraft:potato":1,"minecraft:oak_log":29,"minecraft:cobblestone_wall":1,"minecraft:yellow_bed":8,"minecraft:gunpowder":11,"minecraft:dirt":10,"travelersbackpack:bookshelf":1,"minecraft:wheat_seeds":4,"minecraft:stone_pickaxe":1,"minecraft:book":63,"minecraft:music_disc_13":2,"minecraft:quartz":3,"minecraft:dandelion":1,"minecraft:spruce_sapling":3,"minecraft:spruce_log":12,"minecraft:fermented_spider_eye":1,"minecraft:spider_eye":6,"hunting_delight:animal_fat":15,"minecraft:lever":1,"hunting_delight:broken_bone":234,"minecraft:oak_sapling":19,"minecraft:black_wool":1,"minecraft:coal":29},"minecraft:dropped":{"minecraft:piston":2,"minecraft:wheat_seeds":4,"minecraft:cooked_beef":1,"hunting_delight:humanmeat":2,"hunting_delight:broken_bone":4,"hunting_delight:chitin":6,"minecraft:cracked_stone_bricks":1,"hunting_delight:chitinous_armor_boots":1,"minecraft:item_frame":1,"minecraft:stick":2,"minecraft:music_disc_13":1,"minecraft:dirt":2,"minecraft:smooth_quartz":1,"gravestone:obituary":31,"hunting_delight:worm":4,"minecraft:string":6,"minecraft:dandelion":1,"minecraft:redstone":5,"minecraft:furnace":1,"minecraft:stone_sword":1,"minecraft:blue_wool":16,"minecraft:rotten_flesh":2,"minecraft:leather_chestplate":1,"minecraft:flower_pot":1,"minecraft:spruce_planks":3,"minecraft:oak_sapling":14,"minecraft:spider_eye":1,"minecraft:spruce_log":6,"minecraft:stone_pickaxe":1,"minecraft:quartz":3},"minecraft:crafted":{"minecraft:oak_planks":116,"minecraft:bone_meal":110,"firstaid:plaster":1,"minecraft:spruce_slab":12,"minecraft:stone_pickaxe":1,"travelersbackpack:bookshelf":1,"minecraft:crafting_table":8,"minecraft:spruce_planks":20,"minecraft:wooden_pickaxe":1,"minecraft:smithing_table":1,"minecraft:birch_planks":4,"minecraft:stone_axe":2,"hunting_delight:chitinous_armor_boots":2,"minecraft:oak_boat":1,"minecraft:stick":12,"minecraft:stone_sword":2,"firstaid:bandage":6,"hunting_delight:chitinous_shield":8},"minecraft:custom":{"minecraft:interact_with_smithing_table":1,"minecraft:mob_kills":70,"minecraft:interact_with_crafting_table":31,"minecraft:open_barrel":1,"minecraft:interact_with_campfire":6,"minecraft:damage_dealt_resisted":385,"minecraft:leave_game":10,"minecraft:time_since_death":9160,"minecraft:climb_one_cm":49203,"minecraft:sprint_one_cm":294380,"minecraft:walk_one_cm":230251,"minecraft:drop":83,"minecraft:play_time":120542,"minecraft:deaths":17,"minecraft:sneak_time":3460,"minecraft:walk_under_water_one_cm":4873,"minecraft:boat_one_cm":636,"minecraft:jump":2488,"minecraft:walk_on_water_one_cm":19998,"minecraft:total_world_time":120542,"minecraft:interact_with_furnace":1,"minecraft:sleep_in_bed":7,"minecraft:time_since_rest":9190,"minecraft:damage_taken":4377,"minecraft:damage_dealt":11404,"minecraft:swim_one_cm":4394,"minecraft:fly_one_cm":316591,"minecraft:open_chest":25,"minecraft:crouch_one_cm":10015,"minecraft:fall_one_cm":66829},"minecraft:broken":{"minecraft:stone_sword":1,"minecraft:stone_axe":1},"minecraft:used":{"minecraft:enchanting_table":2,"minecraft:stone_sword":228,"minecraft:spruce_slab":12,"minecraft:spruce_planks":3,"minecraft:torch":7,"minecraft:brewing_stand":1,"minecraft:dirt":9,"minecraft:cobblestone_wall":1,"minecraft:cyan_terracotta":5,"hunting_delight:worm":2,"minecraft:smooth_quartz":7,"minecraft:item_frame":1,"hunting_delight:pigcorpse":1,"minecraft:egg":1,"minecraft:cooked_beef":1,"minecraft:light_gray_bed":11,"minecraft:water_bucket":2,"minecraft:stone_pickaxe":108,"minecraft:oak_planks":68,"minecraft:wooden_pickaxe":13,"minecraft:crafting_table":8,"minecraft:spruce_log":1,"minecraft:piston":1,"minecraft:lever":1,"minecraft:flower_pot":2,"minecraft:apple":1,"travelersbackpack:bookshelf":9,"minecraft:bread":2,"minecraft:spruce_sapling":1,"minecraft:stone_axe":133,"minecraft:cobblestone":15,"minecraft:porkchop":2,"minecraft:smithing_table":1,"minecraft:bucket":3,"minecraft:yellow_bed":8,"minecraft:oak_boat":2},"minecraft:mined":{"minecraft:potted_cactus":3,"minecraft:brewing_stand":2,"minecraft:gray_stained_glass_pane":7,"minecraft:lever":1,"gravestone:gravestone":19,"minecraft:grass_block":5,"hunting_delight:pigcorpse":1,"minecraft:light_gray_bed":10,"minecraft:spruce_leaves":1,"minecraft:blue_wool":16,"minecraft:spawner":13,"minecraft:anvil":2,"minecraft:enchanting_table":3,"minecraft:bookshelf":21,"minecraft:pointed_dripstone":1,"minecraft:stone":25,"minecraft:white_wool":24,"minecraft:smithing_table":1,"minecraft:glass_pane":4,"minecraft:dandelion":1,"minecraft:torch":1,"minecraft:gray_stained_glass":6,"minecraft:glass":4,"minecraft:cobblestone":1,"minecraft:sugar_cane":2,"minecraft:cauldron":2,"minecraft:cobblestone_wall":1,"minecraft:birch_log":1,"minecraft:spruce_log":6,"minecraft:birch_leaves":2,"minecraft:yellow_bed":8,"minecraft:grass":11,"k_turrets:titanium_ore":9,"minecraft:coal_ore":29,"minecraft:oak_log":29,"minecraft:smooth_quartz":9,"minecraft:dirt":5,"minecraft:cobweb":8,"minecraft:cracked_stone_bricks":2,"minecraft:stone_bricks":3,"minecraft:piston":3,"minecraft:oak_leaves":3}},"DataVersion":3120}