{"stats":{"minecraft:killed_by":{"minecraft:player":3},"minecraft:dropped":{"bunker_down:airlock_iron_door":1,"hunting_delight:humanmeat":4,"minecraft:oak_sapling":4,"minecraft:rotten_flesh":37,"hunting_delight:broken_bone":17,"gravestone:obituary":6},"minecraft:picked_up":{"minecraft:stick":2,"minecraft:sweet_berries":3,"hunting_delight:humanmeat":4,"bunker_down:steel_vent":1,"gravestone:obituary":2,"bunker_down:airlock_iron_door":2,"minecraft:spruce_log":26,"bunker_down:steel_pressure_plate":1,"bunker_down:steel_block":3,"minecraft:rotten_flesh":37,"hunting_delight:broken_bone":17,"minecraft:oak_sapling":4},"minecraft:crafted":{"minecraft:crafting_table":1,"minecraft:spruce_planks":4},"minecraft:mined":{"minecraft:large_fern":5,"minecraft:spruce_log":4,"gravestone:gravestone":3},"minecraft:custom":{"minecraft:time_since_rest":523,"minecraft:sprint_one_cm":12836,"minecraft:damage_taken":813,"minecraft:walk_one_cm":27373,"minecraft:drop":17,"minecraft:damage_dealt":105,"minecraft:swim_one_cm":2028,"minecraft:fly_one_cm":10358,"minecraft:player_kills":1,"minecraft:open_chest":3,"minecraft:crouch_one_cm":1455,"minecraft:play_time":9813,"minecraft:deaths":4,"minecraft:sneak_time":466,"minecraft:walk_under_water_one_cm":103,"minecraft:jump":174,"minecraft:time_since_death":496,"minecraft:walk_on_water_one_cm":2563,"minecraft:sleep_in_bed":1,"minecraft:climb_one_cm":19709,"minecraft:total_world_time":9813,"minecraft:fall_one_cm":5073},"minecraft:used":{"bunker_down:steel_vent":1,"bunker_down:steel_block":3,"bunker_down:steel_pressure_plate":1,"bunker_down:airlock_iron_door":1,"minecraft:crafting_table":1}},"DataVersion":3120}