{"stats":{"minecraft:killed":{"minecraft:creeper":3},"minecraft:killed_by":{"minecraft:player":3},"minecraft:dropped":{"bunker_down:airlock_iron_door":1,"minecraft:gunpowder":7,"minecraft:wooden_axe":1,"hunting_delight:humanmeat":4,"minecraft:oak_sapling":4,"minecraft:rotten_flesh":37,"hunting_delight:broken_bone":23,"gravestone:obituary":6},"minecraft:picked_up":{"minecraft:wooden_axe":2,"minecraft:stick":4,"minecraft:sweet_berries":3,"hunting_delight:humanmeat":4,"bunker_down:steel_vent":1,"minecraft:oak_log":31,"minecraft:spruce_sapling":1,"minecraft:gunpowder":20,"gravestone:obituary":2,"bunker_down:airlock_iron_door":2,"minecraft:spruce_log":186,"minecraft:stone_pressure_plate":4,"bunker_down:steel_pressure_plate":1,"bunker_down:steel_block":3,"minecraft:light_gray_bed":4,"minecraft:rotten_flesh":37,"minecraft:apple":1,"minecraft:wheat_seeds":1,"hunting_delight:broken_bone":27,"minecraft:oak_sapling":9,"minecraft:birch_sapling":1,"minecraft:cobblestone":16},"minecraft:crafted":{"minecraft:crafting_table":1,"minecraft:stick":16,"minecraft:spruce_planks":232,"minecraft:stone_pickaxe":1,"minecraft:wooden_pickaxe":1,"minecraft:stone_axe":1},"minecraft:mined":{"minecraft:large_fern":5,"minecraft:stone_pressure_plate":4,"horror_element_mod:impaled_skeleton":1,"minecraft:birch_leaves":4,"minecraft:spruce_log":4,"minecraft:wither_rose":1,"minecraft:grass":1,"gravestone:gravestone":3,"minecraft:grass_block":1,"minecraft:oak_log":4,"minecraft:light_gray_bed":3,"minecraft:tall_grass":2,"minecraft:stone":16,"minecraft:oak_leaves":2},"minecraft:custom":{"minecraft:time_since_rest":4091,"minecraft:sprint_one_cm":32460,"minecraft:damage_taken":903,"minecraft:walk_one_cm":55624,"minecraft:mob_kills":3,"minecraft:drop":23,"minecraft:damage_dealt":917,"minecraft:interact_with_crafting_table":2,"minecraft:swim_one_cm":3704,"minecraft:fly_one_cm":42388,"minecraft:player_kills":4,"minecraft:open_chest":6,"minecraft:crouch_one_cm":11799,"minecraft:play_time":21813,"minecraft:deaths":4,"minecraft:sneak_time":2642,"minecraft:walk_under_water_one_cm":124,"minecraft:jump":439,"minecraft:time_since_death":12496,"minecraft:walk_on_water_one_cm":3083,"minecraft:sleep_in_bed":3,"minecraft:climb_one_cm":25721,"minecraft:total_world_time":21813,"minecraft:fall_one_cm":9925},"minecraft:used":{"minecraft:wooden_axe":20,"bunker_down:steel_vent":1,"bunker_down:steel_block":3,"minecraft:birch_sapling":1,"minecraft:spruce_sapling":1,"minecraft:spruce_planks":211,"minecraft:wooden_pickaxe":25,"bunker_down:steel_pressure_plate":1,"bunker_down:airlock_iron_door":1,"minecraft:stone_axe":1,"minecraft:crafting_table":1,"minecraft:light_gray_bed":4}},"DataVersion":3120}