{"stats":{"minecraft:killed_by":{"minecraft:zombie":1},"minecraft:custom":{"minecraft:time_since_rest":8562,"minecraft:interact_with_furnace":1,"minecraft:sprint_one_cm":57821,"minecraft:damage_taken":190,"minecraft:walk_one_cm":14405,"minecraft:mob_kills":1,"minecraft:damage_dealt":80,"minecraft:swim_one_cm":1541,"minecraft:interact_with_crafting_table":7,"minecraft:fly_one_cm":64743,"minecraft:open_chest":7,"minecraft:crouch_one_cm":2325,"minecraft:play_time":11525,"minecraft:deaths":1,"minecraft:sneak_time":1045,"minecraft:walk_under_water_one_cm":1570,"minecraft:jump":296,"minecraft:leave_game":1,"minecraft:time_since_death":8536,"minecraft:walk_on_water_one_cm":570,"minecraft:total_world_time":11525,"minecraft:climb_one_cm":8910,"minecraft:fall_one_cm":8510},"minecraft:mined":{"minecraft:farmland":2,"minecraft:potted_cactus":2,"minecraft:granite":2,"minecraft:grass":7,"minecraft:grass_block":2,"minecraft:oak_log":7,"minecraft:dirt":7,"minecraft:gravel":1,"minecraft:light_gray_bed":1,"minecraft:tall_grass":2,"minecraft:stone":25},"minecraft:killed":{"minecraft:sheep":1},"minecraft:used":{"minecraft:stone_pickaxe":20,"minecraft:wooden_pickaxe":21,"minecraft:gravel":1,"minecraft:rotten_flesh":5,"minecraft:dirt":7,"minecraft:crafting_table":2,"minecraft:cobweb":1},"minecraft:picked_up":{"minecraft:gravel":1,"minecraft:oak_log":7,"minecraft:string":2,"minecraft:dirt":11,"hunting_delight:animal_fat":1,"minecraft:light_gray_bed":1,"minecraft:granite":1,"hunting_delight:broken_bone":3,"minecraft:mutton":1,"minecraft:cobblestone":25},"minecraft:crafted":{"minecraft:oak_planks":28,"minecraft:crafting_table":2,"minecraft:stick":8,"minecraft:stone_pickaxe":1,"minecraft:wooden_pickaxe":1,"minecraft:stone_sword":1}},"DataVersion":3120}