{"stats":{"minecraft:killed_by":{"minecraft:zombie":3},"minecraft:dropped":{"minecraft:wheat_seeds":1,"minecraft:cobblestone":2,"minecraft:dirt":5,"minecraft:leather_boots":1,"gravestone:obituary":6,"hunting_delight:worm":2,"minecraft:wooden_pickaxe":2},"minecraft:custom":{"minecraft:interact_with_furnace":3,"minecraft:mob_kills":18,"minecraft:interact_with_crafting_table":10,"minecraft:leave_game":1,"minecraft:time_since_death":21520,"minecraft:sleep_in_bed":4,"minecraft:climb_one_cm":18744,"minecraft:time_since_rest":21545,"minecraft:sprint_one_cm":69952,"minecraft:damage_taken":1125,"minecraft:walk_one_cm":155076,"minecraft:drop":14,"minecraft:damage_dealt":3185,"minecraft:swim_one_cm":1404,"minecraft:fly_one_cm":110907,"minecraft:open_chest":3,"minecraft:crouch_one_cm":62015,"minecraft:play_time":65226,"minecraft:deaths":5,"minecraft:sneak_time":24744,"minecraft:walk_under_water_one_cm":1122,"minecraft:jump":980,"minecraft:walk_on_water_one_cm":3240,"minecraft:total_world_time":65226,"minecraft:fall_one_cm":31171},"minecraft:mined":{"minecraft:quartz_block":2,"minecraft:oak_fence":2,"minecraft:crafting_table":7,"minecraft:torch":5,"gravestone:gravestone":2,"minecraft:granite":5,"minecraft:grass_block":9,"minecraft:light_gray_bed":2,"minecraft:copper_ore":4,"minecraft:tall_grass":1,"minecraft:cobblestone":12,"minecraft:sugar_cane":6,"minecraft:diorite":43,"minecraft:wall_torch":7,"minecraft:seagrass":1,"minecraft:iron_ore":15,"minecraft:grass":2,"k_turrets:titanium_ore":5,"minecraft:coal_ore":29,"minecraft:pointed_dripstone":21,"minecraft:oak_log":9,"minecraft:gravel":12,"minecraft:dripstone_block":23,"minecraft:dirt":16,"minecraft:stone":251,"minecraft:mossy_stone_bricks":2,"minecraft:oak_leaves":2,"minecraft:redstone_lamp":1},"minecraft:killed":{"minecraft:pig":1,"minecraft:spider":1,"minecraft:creeper":2,"minecraft:sheep":3,"minecraft:zombie":7,"minecraft:cow":5},"minecraft:used":{"minecraft:oak_fence":2,"minecraft:mossy_stone_bricks":2,"minecraft:diorite":2,"minecraft:stone_pickaxe":430,"minecraft:stone_shovel":11,"minecraft:oak_planks":1,"minecraft:wooden_pickaxe":12,"minecraft:rotten_flesh":8,"minecraft:torch":43,"minecraft:dirt":18,"minecraft:crafting_table":6,"hunting_delight:humanmeat":1,"minecraft:dripstone_block":1,"minecraft:granite":3,"minecraft:apple":2,"minecraft:gravel":3,"minecraft:stone_axe":64,"minecraft:redstone_lamp":1,"minecraft:cobblestone":169,"minecraft:furnace":1,"minecraft:light_gray_bed":2,"minecraft:pointed_dripstone":14},"minecraft:picked_up":{"minecraft:crafting_table":7,"minecraft:redstone_lamp":1,"minecraft:leather":4,"minecraft:wooden_pickaxe":1,"minecraft:flint":4,"minecraft:oak_log":9,"gravestone:obituary":1,"minecraft:gunpowder":11,"minecraft:string":2,"minecraft:dirt":47,"minecraft:raw_copper":8,"minecraft:leather_boots":1,"minecraft:bone":52,"minecraft:apple":2,"minecraft:stone_bricks":1,"minecraft:wheat_seeds":1,"minecraft:beef":42,"minecraft:mossy_stone_bricks":2,"minecraft:sugar_cane":13,"minecraft:stick":3,"minecraft:raw_iron":15,"minecraft:oak_fence":2,"hunting_delight:humanmeat":2,"minecraft:torch":13,"minecraft:dripstone_block":19,"minecraft:gravel":18,"minecraft:porkchop":4,"minecraft:pointed_dripstone":23,"minecraft:diorite":43,"minecraft:carrot":1,"hunting_delight:animal_fat":8,"minecraft:quartz_block":2,"minecraft:light_gray_bed":2,"minecraft:rotten_flesh":60,"minecraft:stone_shovel":1,"k_turrets:raw_titanium":5,"minecraft:granite":3,"hunting_delight:broken_bone":75,"hunting_delight:worm":4,"minecraft:mutton":18,"minecraft:coal":29,"minecraft:white_wool":3,"minecraft:cobblestone":262},"minecraft:broken":{"minecraft:stone_pickaxe":2},"minecraft:crafted":{"minecraft:oak_planks":36,"minecraft:crafting_table":1,"minecraft:wooden_pickaxe":2,"minecraft:furnace":1,"minecraft:stone_axe":2,"minecraft:stick":32,"minecraft:stone_pickaxe":4,"minecraft:torch":40,"hunting_delight:huntingknife":1}},"DataVersion":3120}