{"stats":{"minecraft:killed_by":{"minecraft:zombie":3},"minecraft:dropped":{"minecraft:wheat_seeds":1,"minecraft:cobblestone":2,"minecraft:dirt":5,"minecraft:leather_boots":1,"gravestone:obituary":6,"hunting_delight:worm":2,"minecraft:wooden_pickaxe":2},"minecraft:custom":{"minecraft:interact_with_furnace":3,"minecraft:mob_kills":14,"minecraft:interact_with_crafting_table":10,"minecraft:leave_game":1,"minecraft:time_since_death":9905,"minecraft:sleep_in_bed":4,"minecraft:climb_one_cm":18744,"minecraft:time_since_rest":9930,"minecraft:sprint_one_cm":66026,"minecraft:damage_taken":1075,"minecraft:walk_one_cm":139660,"minecraft:drop":14,"minecraft:damage_dealt":2184,"minecraft:swim_one_cm":1404,"minecraft:fly_one_cm":109950,"minecraft:open_chest":3,"minecraft:crouch_one_cm":35470,"minecraft:play_time":53611,"minecraft:deaths":5,"minecraft:sneak_time":16025,"minecraft:walk_under_water_one_cm":1122,"minecraft:jump":919,"minecraft:walk_on_water_one_cm":3240,"minecraft:total_world_time":53611,"minecraft:fall_one_cm":30648},"minecraft:mined":{"minecraft:quartz_block":2,"minecraft:oak_fence":2,"minecraft:crafting_table":7,"minecraft:torch":4,"minecraft:granite":5,"gravestone:gravestone":2,"minecraft:grass_block":9,"minecraft:light_gray_bed":2,"minecraft:copper_ore":4,"minecraft:tall_grass":1,"minecraft:cobblestone":10,"minecraft:sugar_cane":6,"minecraft:diorite":40,"minecraft:wall_torch":7,"minecraft:seagrass":1,"minecraft:iron_ore":7,"k_turrets:titanium_ore":5,"minecraft:pointed_dripstone":3,"minecraft:grass":2,"minecraft:oak_log":9,"minecraft:coal_ore":27,"minecraft:gravel":11,"minecraft:dripstone_block":3,"minecraft:dirt":16,"minecraft:stone":222,"minecraft:oak_leaves":2,"minecraft:mossy_stone_bricks":2,"minecraft:redstone_lamp":1},"minecraft:killed":{"minecraft:pig":1,"minecraft:spider":1,"minecraft:creeper":1,"minecraft:sheep":3,"minecraft:zombie":4,"minecraft:cow":5},"minecraft:used":{"minecraft:oak_fence":1,"minecraft:mossy_stone_bricks":2,"minecraft:stone_shovel":11,"minecraft:stone_pickaxe":346,"minecraft:oak_planks":1,"minecraft:wooden_pickaxe":12,"minecraft:rotten_flesh":8,"minecraft:torch":36,"minecraft:dirt":18,"minecraft:crafting_table":6,"hunting_delight:humanmeat":1,"minecraft:dripstone_block":1,"minecraft:granite":3,"minecraft:apple":2,"minecraft:stone_axe":49,"minecraft:redstone_lamp":1,"minecraft:cobblestone":45,"minecraft:furnace":1,"minecraft:pointed_dripstone":10,"minecraft:light_gray_bed":2},"minecraft:picked_up":{"minecraft:crafting_table":7,"minecraft:redstone_lamp":1,"minecraft:leather":4,"minecraft:wooden_pickaxe":1,"minecraft:flint":4,"minecraft:oak_log":9,"gravestone:obituary":1,"minecraft:gunpowder":11,"minecraft:string":2,"minecraft:dirt":47,"minecraft:raw_copper":8,"minecraft:leather_boots":1,"minecraft:bone":52,"minecraft:apple":2,"minecraft:stone_bricks":1,"minecraft:wheat_seeds":1,"minecraft:beef":42,"minecraft:mossy_stone_bricks":2,"minecraft:sugar_cane":13,"minecraft:stick":3,"minecraft:raw_iron":7,"minecraft:oak_fence":2,"hunting_delight:humanmeat":2,"minecraft:torch":12,"minecraft:dripstone_block":5,"minecraft:gravel":17,"minecraft:porkchop":4,"minecraft:pointed_dripstone":10,"minecraft:diorite":40,"minecraft:carrot":1,"hunting_delight:animal_fat":8,"minecraft:quartz_block":2,"minecraft:stone_shovel":1,"minecraft:light_gray_bed":2,"minecraft:rotten_flesh":60,"k_turrets:raw_titanium":5,"minecraft:granite":3,"hunting_delight:broken_bone":75,"hunting_delight:worm":4,"minecraft:cobblestone":233,"minecraft:mutton":18,"minecraft:coal":27,"minecraft:white_wool":3},"minecraft:broken":{"minecraft:stone_pickaxe":2},"minecraft:crafted":{"minecraft:oak_planks":36,"minecraft:crafting_table":1,"minecraft:wooden_pickaxe":2,"minecraft:furnace":1,"minecraft:stone_axe":2,"minecraft:stick":32,"minecraft:stone_pickaxe":4,"minecraft:torch":40,"hunting_delight:huntingknife":1}},"DataVersion":3120}