{"stats":{"minecraft:killed_by":{"minecraft:zombie":1},"minecraft:dropped":{"minecraft:wheat_seeds":1,"gravestone:obituary":2,"hunting_delight:worm":2,"minecraft:wooden_pickaxe":1},"minecraft:custom":{"minecraft:time_since_rest":297,"minecraft:interact_with_furnace":2,"minecraft:sprint_one_cm":24918,"minecraft:damage_taken":444,"minecraft:walk_one_cm":54168,"minecraft:mob_kills":6,"minecraft:drop":6,"minecraft:damage_dealt":739,"minecraft:interact_with_crafting_table":4,"minecraft:fly_one_cm":29236,"minecraft:open_chest":3,"minecraft:crouch_one_cm":4844,"minecraft:play_time":17358,"minecraft:deaths":2,"minecraft:sneak_time":1886,"minecraft:walk_under_water_one_cm":977,"minecraft:jump":351,"minecraft:time_since_death":272,"minecraft:walk_on_water_one_cm":620,"minecraft:sleep_in_bed":3,"minecraft:climb_one_cm":16152,"minecraft:total_world_time":17358,"minecraft:fall_one_cm":16073},"minecraft:mined":{"minecraft:quartz_block":2,"minecraft:crafting_table":3,"gravestone:gravestone":1,"minecraft:grass":2,"minecraft:coal_ore":7,"minecraft:grass_block":9,"minecraft:oak_log":5,"minecraft:light_gray_bed":1,"minecraft:dirt":7,"minecraft:tall_grass":1,"minecraft:copper_ore":1,"minecraft:stone":13,"minecraft:mossy_stone_bricks":1,"minecraft:redstone_lamp":1},"minecraft:killed":{"minecraft:sheep":1,"minecraft:zombie":1,"minecraft:cow":4},"minecraft:used":{"minecraft:stone_pickaxe":19,"minecraft:oak_planks":1,"minecraft:wooden_pickaxe":6,"minecraft:stone_axe":13,"minecraft:dirt":10,"minecraft:crafting_table":2,"hunting_delight:humanmeat":1},"minecraft:picked_up":{"minecraft:crafting_table":3,"minecraft:leather":4,"minecraft:redstone_lamp":1,"hunting_delight:humanmeat":2,"minecraft:oak_log":5,"minecraft:gunpowder":6,"minecraft:dirt":18,"hunting_delight:animal_fat":5,"minecraft:raw_copper":2,"minecraft:quartz_block":2,"minecraft:bone":34,"minecraft:light_gray_bed":1,"minecraft:rotten_flesh":19,"minecraft:stone_bricks":1,"minecraft:wheat_seeds":1,"minecraft:beef":42,"hunting_delight:broken_bone":26,"minecraft:mossy_stone_bricks":1,"hunting_delight:worm":2,"minecraft:mutton":12,"minecraft:white_wool":1,"minecraft:coal":7,"minecraft:cobblestone":13},"minecraft:crafted":{"minecraft:oak_planks":20,"minecraft:stick":8,"minecraft:wooden_pickaxe":1,"minecraft:stone_pickaxe":1,"minecraft:stone_axe":1,"hunting_delight:huntingknife":1}},"DataVersion":3120}