{"stats":{"minecraft:killed_by":{"minecraft:creeper":5,"minecraft:spider":4,"minecraft:zombie":7,"rottencreatures:undead_miner":1},"minecraft:killed":{"minecraft:spider":5,"minecraft:pig":1,"minecraft:iron_golem":2,"minecraft:bat":1,"minecraft:creeper":32,"minecraft:sheep":5,"kevin_trophy:blister_zombie":2,"minecraft:zombie":43,"minecraft:cow":5},"minecraft:picked_up":{"minecraft:crafting_table":13,"minecraft:wheat":7,"cgm:basic_bullet":640,"minecraft:anvil":1,"minecraft:redstone_lamp":1,"minecraft:wooden_pickaxe":1,"gravestone:obituary":6,"minecraft:string":17,"minecraft:raw_copper":88,"minecraft:bucket":2,"minecraft:beef":42,"minecraft:oak_boat":2,"minecraft:cobblestone_slab":1,"minecraft:poppy":7,"minecraft:smooth_quartz":1,"minecraft:sugar_cane":26,"minecraft:furnace":1,"minecraft:stick":3,"minecraft:raw_iron":36,"minecraft:oak_fence":2,"hunting_delight:humanmeat":19,"minecraft:torch":15,"minecraft:porkchop":4,"minecraft:pointed_dripstone":49,"minecraft:diorite":53,"minecraft:carrot":1,"hunting_delight:chitin":4,"minecraft:quartz_block":2,"minecraft:rotten_flesh":141,"minecraft:light_gray_bed":4,"minecraft:stone_shovel":2,"cgm:assault_rifle":1,"k_turrets:raw_titanium":7,"minecraft:cyan_terracotta":2,"hunting_delight:worm":5,"minecraft:mutton":21,"minecraft:white_wool":4,"minecraft:cobblestone":543,"bunker_down:ceiling_lamp":1,"minecraft:cooked_beef":28,"minecraft:andesite":2,"minecraft:leather":4,"bunker_down:steel_vent":1,"minecraft:flint":6,"minecraft:oak_log":33,"minecraft:cobblestone_wall":2,"minecraft:gunpowder":52,"minecraft:dirt":96,"cgm:grenade":6,"bunker_down:steel_block":15,"minecraft:leather_boots":1,"minecraft:bone":63,"minecraft:apple":2,"minecraft:stone_bricks":1,"minecraft:wheat_seeds":20,"minecraft:iron_ingot":34,"minecraft:stone_pickaxe":1,"minecraft:mossy_stone_bricks":2,"minecraft:book":12,"minecraft:dripstone_block":48,"minecraft:gravel":23,"minecraft:fermented_spider_eye":2,"minecraft:spider_eye":5,"hunting_delight:animal_fat":15,"bunker_down:steel_block_slab":2,"minecraft:stone_axe":1,"minecraft:lever":4,"minecraft:granite":12,"hunting_delight:broken_bone":351,"minecraft:oak_sapling":5,"minecraft:coal":44},"minecraft:dropped":{"minecraft:water_bucket":1,"minecraft:wheat_seeds":13,"cgm:grenade":1,"minecraft:dripstone_block":2,"hunting_delight:humanmeat":10,"minecraft:cobblestone":41,"hunting_delight:broken_bone":32,"hunting_delight:chitin":1,"minecraft:saddle":2,"minecraft:golden_apple":2,"minecraft:music_disc_13":1,"minecraft:cyan_terracotta":2,"minecraft:dirt":13,"gravestone:obituary":30,"hunting_delight:worm":2,"hunting_delight:animal_fat":3,"minecraft:string":2,"minecraft:lever":2,"minecraft:cobblestone_wall":1,"minecraft:wheat":5,"minecraft:rotten_flesh":65,"minecraft:poppy":2,"minecraft:cobblestone_slab":1,"minecraft:gunpowder":2,"cgm:basic_bullet":64,"minecraft:leather_boots":1,"minecraft:oak_sapling":2,"minecraft:spider_eye":2,"minecraft:wooden_pickaxe":4},"minecraft:crafted":{"minecraft:oak_planks":156,"minecraft:furnace":1,"minecraft:stone_pickaxe":8,"hunting_delight:huntingknife":2,"minecraft:crafting_table":1,"minecraft:wooden_pickaxe":3,"minecraft:copper_ingot":34,"minecraft:stone_axe":3,"minecraft:air":0,"minecraft:oak_boat":1,"minecraft:shield":1,"minecraft:stick":56,"minecraft:iron_ingot":36,"minecraft:stone_sword":1,"minecraft:torch":76},"minecraft:custom":{"minecraft:mob_kills":101,"minecraft:interact_with_crafting_table":26,"minecraft:damage_dealt_resisted":3125,"minecraft:leave_game":12,"minecraft:time_since_death":4637,"minecraft:climb_one_cm":27673,"minecraft:sprint_one_cm":317705,"minecraft:walk_one_cm":588933,"minecraft:damage_blocked_by_shield":125,"minecraft:drop":93,"minecraft:play_time":222673,"minecraft:deaths":25,"minecraft:sneak_time":52425,"minecraft:walk_under_water_one_cm":18586,"minecraft:boat_one_cm":1180,"minecraft:jump":3710,"minecraft:interact_with_blast_furnace":40,"minecraft:walk_on_water_one_cm":17676,"minecraft:total_world_time":222673,"minecraft:interact_with_furnace":18,"minecraft:sleep_in_bed":13,"minecraft:time_since_rest":4663,"minecraft:damage_taken":6266,"minecraft:damage_dealt":6845,"minecraft:fly_one_cm":568006,"minecraft:swim_one_cm":23712,"minecraft:player_kills":1,"minecraft:open_chest":98,"minecraft:crouch_one_cm":138420,"minecraft:fall_one_cm":152439},"minecraft:broken":{"bunker_down:brittle_pickaxe":1,"minecraft:stone_pickaxe":5},"minecraft:used":{"minecraft:oak_fence":2,"minecraft:stone_sword":43,"minecraft:stone_shovel":11,"bunker_down:ceiling_lamp":1,"minecraft:shield":7,"minecraft:rotten_flesh":38,"minecraft:torch":75,"minecraft:dirt":38,"minecraft:anvil":1,"bunker_down:brittle_pickaxe":16,"minecraft:cobblestone_wall":1,"minecraft:granite":3,"minecraft:redstone_lamp":1,"minecraft:furnace":1,"minecraft:cooked_beef":2,"minecraft:light_gray_bed":3,"minecraft:pointed_dripstone":14,"bunker_down:steel_vent":1,"minecraft:mossy_stone_bricks":2,"minecraft:diorite":2,"minecraft:stone_pickaxe":788,"minecraft:oak_planks":8,"minecraft:wooden_pickaxe":15,"minecraft:crafting_table":12,"hunting_delight:humanmeat":1,"minecraft:dripstone_block":2,"minecraft:lever":1,"bunker_down:steel_block":15,"bunker_down:steel_block_slab":2,"minecraft:apple":2,"cgm:grenade":5,"cgm:assault_rifle":251,"minecraft:gravel":13,"minecraft:stone_axe":154,"minecraft:cobblestone":323,"travelersbackpack:standard":4,"minecraft:bucket":1,"minecraft:andesite":2,"minecraft:oak_boat":2},"minecraft:mined":{"minecraft:granite":17,"gravestone:gravestone":12,"minecraft:grass_block":26,"minecraft:white_stained_glass":2,"minecraft:light_gray_bed":3,"minecraft:furnace":1,"minecraft:iron_ore":32,"minecraft:anvil":1,"minecraft:bookshelf":4,"minecraft:pointed_dripstone":27,"minecraft:deepslate_iron_ore":4,"bunker_down:steel_block":15,"minecraft:stone":484,"bunker_down:ceiling_lamp":1,"minecraft:glass_pane":2,"minecraft:quartz_block":2,"minecraft:cyan_terracotta":2,"minecraft:oak_fence":2,"minecraft:crafting_table":13,"minecraft:torch":5,"minecraft:cobblestone":22,"minecraft:copper_ore":28,"minecraft:glass":2,"minecraft:tall_grass":2,"minecraft:sugar_cane":11,"minecraft:diorite":53,"minecraft:wall_torch":7,"minecraft:seagrass":1,"minecraft:cobblestone_wall":2,"minecraft:wheat":8,"bunker_down:steel_block_slab":1,"minecraft:grass":15,"k_turrets:titanium_ore":6,"minecraft:coal_ore":44,"minecraft:oak_log":33,"minecraft:smooth_quartz":1,"minecraft:gravel":16,"minecraft:dripstone_block":42,"minecraft:dirt":30,"minecraft:cobweb":6,"minecraft:stone_bricks":2,"minecraft:mossy_stone_bricks":2,"minecraft:oak_leaves":2,"minecraft:redstone_lamp":1}},"DataVersion":3120}