{"stats":{"minecraft:killed_by":{"minecraft:creeper":3,"minecraft:spider":1,"minecraft:zombie":6},"minecraft:killed":{"minecraft:pig":1,"minecraft:spider":2,"minecraft:iron_golem":2,"minecraft:creeper":3,"minecraft:sheep":3,"minecraft:zombie":9,"minecraft:cow":5},"minecraft:picked_up":{"bunker_down:ceiling_lamp":1,"minecraft:crafting_table":10,"minecraft:wheat":7,"minecraft:cooked_beef":28,"minecraft:andesite":2,"minecraft:redstone_lamp":1,"minecraft:leather":4,"minecraft:wooden_pickaxe":1,"bunker_down:steel_vent":1,"minecraft:flint":6,"minecraft:oak_log":17,"gravestone:obituary":4,"minecraft:gunpowder":17,"minecraft:dirt":81,"minecraft:string":6,"minecraft:raw_copper":24,"bunker_down:steel_block":15,"minecraft:leather_boots":1,"minecraft:bone":52,"minecraft:apple":2,"minecraft:stone_bricks":1,"minecraft:wheat_seeds":20,"minecraft:iron_ingot":9,"minecraft:stone_pickaxe":1,"minecraft:beef":42,"minecraft:cobblestone_slab":1,"minecraft:poppy":4,"minecraft:mossy_stone_bricks":2,"minecraft:sugar_cane":13,"minecraft:furnace":1,"minecraft:stick":3,"minecraft:raw_iron":19,"hunting_delight:humanmeat":12,"minecraft:oak_fence":2,"minecraft:torch":14,"minecraft:dripstone_block":41,"minecraft:gravel":23,"minecraft:porkchop":4,"minecraft:pointed_dripstone":38,"minecraft:diorite":53,"hunting_delight:chitin":1,"minecraft:carrot":1,"minecraft:spider_eye":2,"bunker_down:steel_block_slab":2,"hunting_delight:animal_fat":8,"minecraft:quartz_block":2,"minecraft:stone_shovel":2,"minecraft:light_gray_bed":4,"minecraft:rotten_flesh":60,"minecraft:stone_axe":1,"minecraft:lever":4,"k_turrets:raw_titanium":5,"minecraft:granite":12,"hunting_delight:broken_bone":123,"hunting_delight:worm":5,"minecraft:mutton":18,"minecraft:coal":33,"minecraft:white_wool":3,"minecraft:cobblestone":365},"minecraft:dropped":{"minecraft:wheat_seeds":13,"minecraft:lever":2,"minecraft:dripstone_block":2,"hunting_delight:humanmeat":10,"minecraft:wheat":5,"minecraft:cobblestone":41,"hunting_delight:broken_bone":21,"hunting_delight:chitin":1,"minecraft:cobblestone_slab":1,"minecraft:dirt":12,"minecraft:gunpowder":2,"minecraft:leather_boots":1,"gravestone:obituary":19,"minecraft:spider_eye":1,"hunting_delight:worm":2,"minecraft:wooden_pickaxe":3,"minecraft:string":2},"minecraft:crafted":{"minecraft:oak_planks":92,"minecraft:crafting_table":1,"minecraft:wooden_pickaxe":3,"minecraft:furnace":1,"minecraft:stone_axe":3,"minecraft:stick":48,"minecraft:stone_pickaxe":8,"minecraft:torch":40,"hunting_delight:huntingknife":1},"minecraft:custom":{"minecraft:interact_with_furnace":3,"minecraft:mob_kills":29,"minecraft:interact_with_crafting_table":16,"minecraft:damage_dealt_resisted":3125,"minecraft:leave_game":6,"minecraft:time_since_death":10140,"minecraft:sleep_in_bed":7,"minecraft:climb_one_cm":26599,"minecraft:time_since_rest":0,"minecraft:sprint_one_cm":150156,"minecraft:damage_taken":3768,"minecraft:walk_one_cm":332768,"minecraft:drop":53,"minecraft:damage_dealt":6258,"minecraft:swim_one_cm":11305,"minecraft:fly_one_cm":304497,"minecraft:open_chest":50,"minecraft:crouch_one_cm":99528,"minecraft:play_time":127902,"minecraft:deaths":15,"minecraft:sneak_time":37544,"minecraft:walk_under_water_one_cm":2046,"minecraft:jump":2113,"minecraft:walk_on_water_one_cm":4984,"minecraft:total_world_time":127902,"minecraft:fall_one_cm":92969},"minecraft:broken":{"minecraft:stone_pickaxe":3,"bunker_down:brittle_pickaxe":1},"minecraft:used":{"minecraft:oak_fence":2,"bunker_down:steel_vent":1,"minecraft:mossy_stone_bricks":2,"minecraft:diorite":2,"minecraft:stone_shovel":11,"minecraft:stone_pickaxe":560,"minecraft:oak_planks":1,"bunker_down:ceiling_lamp":1,"minecraft:wooden_pickaxe":15,"minecraft:rotten_flesh":9,"minecraft:torch":44,"minecraft:dirt":25,"minecraft:crafting_table":8,"bunker_down:brittle_pickaxe":16,"hunting_delight:humanmeat":1,"minecraft:dripstone_block":2,"minecraft:granite":3,"minecraft:lever":1,"bunker_down:steel_block":15,"bunker_down:steel_block_slab":2,"minecraft:apple":2,"minecraft:gravel":13,"minecraft:stone_axe":129,"minecraft:redstone_lamp":1,"minecraft:cobblestone":224,"minecraft:furnace":1,"minecraft:andesite":2,"minecraft:cooked_beef":2,"minecraft:light_gray_bed":3,"minecraft:pointed_dripstone":14},"minecraft:mined":{"minecraft:quartz_block":2,"minecraft:oak_fence":2,"minecraft:crafting_table":10,"minecraft:torch":5,"gravestone:gravestone":3,"minecraft:granite":17,"minecraft:grass_block":17,"minecraft:light_gray_bed":3,"minecraft:copper_ore":8,"minecraft:tall_grass":2,"minecraft:cobblestone":14,"minecraft:sugar_cane":6,"minecraft:diorite":53,"minecraft:wall_torch":7,"minecraft:seagrass":1,"minecraft:iron_ore":19,"minecraft:wheat":8,"bunker_down:steel_block_slab":1,"minecraft:grass":12,"k_turrets:titanium_ore":5,"minecraft:coal_ore":33,"minecraft:pointed_dripstone":24,"minecraft:oak_log":17,"minecraft:gravel":16,"minecraft:dripstone_block":39,"minecraft:dirt":24,"bunker_down:steel_block":15,"minecraft:stone":328,"minecraft:mossy_stone_bricks":2,"minecraft:oak_leaves":2,"bunker_down:ceiling_lamp":1,"minecraft:redstone_lamp":1}},"DataVersion":3120}