{"stats":{"minecraft:killed_by":{"minecraft:zombie":3},"minecraft:dropped":{"minecraft:wheat_seeds":13,"minecraft:dripstone_block":2,"minecraft:wheat":5,"minecraft:cobblestone":2,"minecraft:dirt":5,"minecraft:leather_boots":1,"gravestone:obituary":7,"hunting_delight:worm":2,"minecraft:wooden_pickaxe":2},"minecraft:custom":{"minecraft:interact_with_furnace":3,"minecraft:mob_kills":19,"minecraft:interact_with_crafting_table":12,"minecraft:leave_game":2,"minecraft:time_since_death":9672,"minecraft:sleep_in_bed":4,"minecraft:climb_one_cm":20042,"minecraft:time_since_rest":9715,"minecraft:sprint_one_cm":95400,"minecraft:damage_taken":1237,"minecraft:walk_one_cm":199284,"minecraft:drop":18,"minecraft:damage_dealt":3481,"minecraft:swim_one_cm":1404,"minecraft:fly_one_cm":183550,"minecraft:open_chest":6,"minecraft:crouch_one_cm":65503,"minecraft:play_time":77129,"minecraft:deaths":6,"minecraft:sneak_time":26371,"minecraft:walk_under_water_one_cm":1122,"minecraft:jump":1322,"minecraft:walk_on_water_one_cm":3240,"minecraft:total_world_time":77129,"minecraft:fall_one_cm":43429},"minecraft:mined":{"minecraft:quartz_block":2,"minecraft:oak_fence":2,"minecraft:crafting_table":8,"minecraft:torch":5,"gravestone:gravestone":3,"minecraft:granite":5,"minecraft:grass_block":10,"minecraft:light_gray_bed":2,"minecraft:copper_ore":4,"minecraft:tall_grass":1,"minecraft:cobblestone":12,"minecraft:sugar_cane":6,"minecraft:diorite":43,"minecraft:wall_torch":7,"minecraft:seagrass":1,"minecraft:iron_ore":19,"minecraft:wheat":6,"minecraft:grass":2,"k_turrets:titanium_ore":5,"minecraft:coal_ore":29,"minecraft:pointed_dripstone":21,"minecraft:oak_log":13,"minecraft:gravel":16,"minecraft:dripstone_block":23,"minecraft:dirt":18,"bunker_down:steel_block":5,"minecraft:stone":263,"minecraft:mossy_stone_bricks":2,"minecraft:oak_leaves":2,"minecraft:redstone_lamp":1},"minecraft:killed":{"minecraft:pig":1,"minecraft:spider":1,"minecraft:creeper":2,"minecraft:sheep":3,"minecraft:zombie":8,"minecraft:cow":5},"minecraft:used":{"minecraft:oak_fence":2,"minecraft:mossy_stone_bricks":2,"minecraft:diorite":2,"minecraft:stone_pickaxe":435,"minecraft:stone_shovel":11,"minecraft:oak_planks":1,"minecraft:wooden_pickaxe":12,"minecraft:rotten_flesh":8,"minecraft:torch":44,"minecraft:dirt":18,"minecraft:crafting_table":7,"bunker_down:brittle_pickaxe":16,"hunting_delight:humanmeat":1,"minecraft:dripstone_block":1,"minecraft:granite":3,"bunker_down:steel_block":3,"minecraft:apple":2,"minecraft:gravel":7,"minecraft:stone_axe":71,"minecraft:redstone_lamp":1,"minecraft:cobblestone":170,"minecraft:furnace":1,"minecraft:andesite":2,"minecraft:light_gray_bed":2,"minecraft:pointed_dripstone":14},"minecraft:picked_up":{"minecraft:crafting_table":8,"minecraft:wheat":5,"minecraft:andesite":2,"minecraft:redstone_lamp":1,"minecraft:leather":4,"minecraft:wooden_pickaxe":1,"bunker_down:steel_vent":1,"minecraft:flint":6,"minecraft:oak_log":13,"gravestone:obituary":1,"minecraft:gunpowder":11,"bunker_down:steel_block":4,"minecraft:string":2,"minecraft:dirt":50,"minecraft:raw_copper":8,"minecraft:leather_boots":1,"minecraft:bone":52,"minecraft:apple":2,"minecraft:stone_bricks":1,"minecraft:wheat_seeds":13,"minecraft:beef":42,"minecraft:mossy_stone_bricks":2,"minecraft:sugar_cane":13,"minecraft:stick":3,"minecraft:raw_iron":19,"minecraft:oak_fence":2,"hunting_delight:humanmeat":2,"minecraft:torch":13,"minecraft:dripstone_block":27,"minecraft:gravel":23,"minecraft:porkchop":4,"minecraft:pointed_dripstone":28,"minecraft:diorite":43,"minecraft:carrot":1,"hunting_delight:animal_fat":8,"minecraft:quartz_block":2,"minecraft:light_gray_bed":2,"minecraft:rotten_flesh":60,"minecraft:stone_shovel":1,"k_turrets:raw_titanium":5,"minecraft:granite":3,"hunting_delight:broken_bone":87,"hunting_delight:worm":5,"minecraft:mutton":18,"minecraft:coal":29,"minecraft:white_wool":3,"minecraft:cobblestone":277},"minecraft:broken":{"minecraft:stone_pickaxe":3,"bunker_down:brittle_pickaxe":1},"minecraft:crafted":{"minecraft:oak_planks":52,"minecraft:crafting_table":1,"minecraft:wooden_pickaxe":2,"minecraft:furnace":1,"minecraft:stone_axe":2,"minecraft:stick":40,"minecraft:stone_pickaxe":6,"minecraft:torch":40,"hunting_delight:huntingknife":1}},"DataVersion":3120}