{"stats":{"minecraft:killed_by":{"minecraft:creeper":4,"minecraft:spider":3,"minecraft:zombie":6},"minecraft:killed":{"minecraft:spider":4,"minecraft:pig":1,"minecraft:iron_golem":2,"minecraft:creeper":23,"minecraft:sheep":3,"kevin_trophy:blister_zombie":1,"minecraft:zombie":22,"minecraft:cow":5},"minecraft:picked_up":{"minecraft:crafting_table":10,"minecraft:wheat":7,"cgm:basic_bullet":256,"minecraft:redstone_lamp":1,"minecraft:wooden_pickaxe":1,"gravestone:obituary":4,"minecraft:string":9,"minecraft:raw_copper":88,"minecraft:bucket":1,"minecraft:beef":42,"minecraft:cobblestone_slab":1,"minecraft:poppy":7,"minecraft:smooth_quartz":1,"minecraft:sugar_cane":13,"minecraft:furnace":1,"minecraft:stick":3,"minecraft:raw_iron":32,"minecraft:oak_fence":2,"hunting_delight:humanmeat":13,"minecraft:torch":14,"minecraft:porkchop":4,"minecraft:pointed_dripstone":48,"minecraft:diorite":53,"minecraft:carrot":1,"hunting_delight:chitin":3,"minecraft:quartz_block":2,"minecraft:rotten_flesh":101,"minecraft:light_gray_bed":4,"minecraft:stone_shovel":2,"cgm:assault_rifle":1,"k_turrets:raw_titanium":7,"hunting_delight:worm":5,"minecraft:mutton":18,"minecraft:cobblestone":483,"minecraft:white_wool":3,"bunker_down:ceiling_lamp":1,"minecraft:cooked_beef":28,"minecraft:andesite":2,"minecraft:leather":4,"bunker_down:steel_vent":1,"minecraft:flint":6,"minecraft:oak_log":17,"minecraft:gunpowder":42,"minecraft:dirt":88,"cgm:grenade":6,"bunker_down:steel_block":15,"minecraft:leather_boots":1,"minecraft:bone":52,"minecraft:apple":2,"minecraft:stone_bricks":1,"minecraft:wheat_seeds":20,"minecraft:iron_ingot":34,"minecraft:stone_pickaxe":1,"minecraft:mossy_stone_bricks":2,"minecraft:book":12,"minecraft:dripstone_block":48,"minecraft:gravel":23,"minecraft:fermented_spider_eye":1,"minecraft:spider_eye":3,"hunting_delight:animal_fat":8,"bunker_down:steel_block_slab":2,"minecraft:stone_axe":1,"minecraft:lever":4,"minecraft:granite":12,"hunting_delight:broken_bone":231,"minecraft:coal":44},"minecraft:dropped":{"minecraft:wheat_seeds":13,"minecraft:dripstone_block":2,"hunting_delight:humanmeat":10,"minecraft:cobblestone":41,"hunting_delight:broken_bone":28,"hunting_delight:chitin":1,"minecraft:dirt":13,"gravestone:obituary":22,"hunting_delight:worm":2,"minecraft:string":2,"minecraft:lever":2,"minecraft:wheat":5,"minecraft:poppy":2,"minecraft:cobblestone_slab":1,"minecraft:gunpowder":2,"cgm:basic_bullet":64,"minecraft:leather_boots":1,"minecraft:spider_eye":1,"minecraft:wooden_pickaxe":4},"minecraft:crafted":{"minecraft:oak_planks":92,"minecraft:furnace":1,"minecraft:stone_pickaxe":8,"hunting_delight:huntingknife":1,"minecraft:crafting_table":1,"minecraft:wooden_pickaxe":3,"minecraft:copper_ingot":8,"minecraft:stone_axe":3,"minecraft:air":0,"minecraft:shield":1,"minecraft:stick":52,"minecraft:iron_ingot":17,"minecraft:stone_sword":1,"minecraft:torch":76},"minecraft:custom":{"minecraft:mob_kills":65,"minecraft:interact_with_crafting_table":19,"minecraft:damage_dealt_resisted":3125,"minecraft:leave_game":8,"minecraft:time_since_death":189,"minecraft:climb_one_cm":26599,"minecraft:sprint_one_cm":198929,"minecraft:walk_one_cm":460752,"minecraft:drop":67,"minecraft:play_time":170059,"minecraft:deaths":18,"minecraft:sneak_time":47765,"minecraft:walk_under_water_one_cm":12850,"minecraft:jump":2743,"minecraft:interact_with_blast_furnace":13,"minecraft:walk_on_water_one_cm":14692,"minecraft:total_world_time":170059,"minecraft:interact_with_furnace":9,"minecraft:sleep_in_bed":10,"minecraft:time_since_rest":0,"minecraft:damage_taken":4598,"minecraft:damage_dealt":6293,"minecraft:fly_one_cm":379620,"minecraft:swim_one_cm":14204,"minecraft:open_chest":73,"minecraft:crouch_one_cm":124404,"minecraft:fall_one_cm":113267},"minecraft:broken":{"bunker_down:brittle_pickaxe":1,"minecraft:stone_pickaxe":4},"minecraft:used":{"minecraft:oak_fence":2,"minecraft:stone_sword":2,"minecraft:stone_shovel":11,"bunker_down:ceiling_lamp":1,"minecraft:rotten_flesh":22,"minecraft:torch":51,"minecraft:dirt":30,"bunker_down:brittle_pickaxe":16,"minecraft:granite":3,"minecraft:redstone_lamp":1,"minecraft:furnace":1,"minecraft:cooked_beef":2,"minecraft:light_gray_bed":3,"minecraft:pointed_dripstone":14,"bunker_down:steel_vent":1,"minecraft:mossy_stone_bricks":2,"minecraft:diorite":2,"minecraft:stone_pickaxe":719,"minecraft:oak_planks":1,"minecraft:wooden_pickaxe":15,"minecraft:crafting_table":8,"hunting_delight:humanmeat":1,"minecraft:dripstone_block":2,"minecraft:lever":1,"bunker_down:steel_block":15,"bunker_down:steel_block_slab":2,"minecraft:apple":2,"cgm:grenade":1,"minecraft:gravel":13,"cgm:assault_rifle":138,"minecraft:stone_axe":133,"minecraft:cobblestone":262,"minecraft:bucket":1,"minecraft:andesite":2},"minecraft:mined":{"minecraft:granite":17,"gravestone:gravestone":5,"minecraft:grass_block":19,"minecraft:light_gray_bed":3,"minecraft:furnace":1,"minecraft:iron_ore":32,"minecraft:bookshelf":4,"minecraft:pointed_dripstone":27,"bunker_down:steel_block":15,"minecraft:stone":428,"bunker_down:ceiling_lamp":1,"minecraft:quartz_block":2,"minecraft:oak_fence":2,"minecraft:crafting_table":10,"minecraft:torch":5,"minecraft:cobblestone":18,"minecraft:copper_ore":28,"minecraft:tall_grass":2,"minecraft:sugar_cane":6,"minecraft:diorite":53,"minecraft:wall_torch":7,"minecraft:seagrass":1,"minecraft:wheat":8,"bunker_down:steel_block_slab":1,"minecraft:grass":12,"k_turrets:titanium_ore":6,"minecraft:coal_ore":44,"minecraft:oak_log":17,"minecraft:dirt":28,"minecraft:gravel":16,"minecraft:dripstone_block":42,"minecraft:smooth_quartz":1,"minecraft:cobweb":1,"minecraft:stone_bricks":2,"minecraft:mossy_stone_bricks":2,"minecraft:oak_leaves":2,"minecraft:redstone_lamp":1}},"DataVersion":3120}