{"stats":{"minecraft:killed_by":{"minecraft:spider":1,"minecraft:zombie":5},"minecraft:dropped":{"minecraft:wheat_seeds":13,"minecraft:dripstone_block":2,"minecraft:wheat":5,"minecraft:cobblestone":33,"hunting_delight:broken_bone":2,"minecraft:dirt":6,"minecraft:leather_boots":1,"minecraft:spider_eye":1,"gravestone:obituary":11,"hunting_delight:worm":2,"minecraft:wooden_pickaxe":2,"minecraft:string":2},"minecraft:custom":{"minecraft:interact_with_furnace":3,"minecraft:mob_kills":26,"minecraft:interact_with_crafting_table":14,"minecraft:damage_dealt_resisted":3125,"minecraft:leave_game":3,"minecraft:time_since_death":271,"minecraft:sleep_in_bed":5,"minecraft:climb_one_cm":26599,"minecraft:time_since_rest":297,"minecraft:sprint_one_cm":125064,"minecraft:damage_taken":2198,"minecraft:walk_one_cm":282299,"minecraft:drop":27,"minecraft:damage_dealt":6054,"minecraft:swim_one_cm":11305,"minecraft:fly_one_cm":244583,"minecraft:open_chest":18,"minecraft:crouch_one_cm":92525,"minecraft:play_time":113013,"minecraft:deaths":10,"minecraft:sneak_time":35939,"minecraft:walk_under_water_one_cm":2046,"minecraft:jump":1831,"minecraft:walk_on_water_one_cm":4464,"minecraft:total_world_time":113013,"minecraft:fall_one_cm":68742},"minecraft:mined":{"minecraft:quartz_block":2,"minecraft:oak_fence":2,"minecraft:crafting_table":10,"minecraft:torch":5,"minecraft:granite":17,"gravestone:gravestone":3,"minecraft:grass_block":15,"minecraft:light_gray_bed":3,"minecraft:copper_ore":8,"minecraft:tall_grass":2,"minecraft:cobblestone":14,"minecraft:sugar_cane":6,"minecraft:diorite":53,"minecraft:wall_torch":7,"minecraft:seagrass":1,"minecraft:iron_ore":19,"minecraft:wheat":8,"bunker_down:steel_block_slab":1,"minecraft:grass":3,"k_turrets:titanium_ore":5,"minecraft:coal_ore":33,"minecraft:pointed_dripstone":24,"minecraft:oak_log":17,"minecraft:gravel":16,"minecraft:dripstone_block":39,"minecraft:dirt":24,"bunker_down:steel_block":15,"minecraft:stone":292,"bunker_down:ceiling_lamp":1,"minecraft:mossy_stone_bricks":2,"minecraft:oak_leaves":2,"minecraft:redstone_lamp":1},"minecraft:killed":{"minecraft:pig":1,"minecraft:spider":2,"minecraft:iron_golem":2,"minecraft:creeper":3,"minecraft:sheep":3,"minecraft:zombie":9,"minecraft:cow":5},"minecraft:used":{"minecraft:oak_fence":2,"bunker_down:steel_vent":1,"minecraft:mossy_stone_bricks":2,"minecraft:diorite":2,"minecraft:stone_shovel":11,"minecraft:stone_pickaxe":527,"bunker_down:ceiling_lamp":1,"minecraft:oak_planks":1,"minecraft:wooden_pickaxe":12,"minecraft:rotten_flesh":8,"minecraft:torch":44,"minecraft:dirt":25,"minecraft:crafting_table":8,"bunker_down:brittle_pickaxe":16,"hunting_delight:humanmeat":1,"minecraft:dripstone_block":2,"minecraft:granite":3,"minecraft:lever":1,"bunker_down:steel_block":15,"bunker_down:steel_block_slab":2,"minecraft:apple":2,"minecraft:gravel":13,"minecraft:stone_axe":129,"minecraft:redstone_lamp":1,"minecraft:cobblestone":223,"minecraft:furnace":1,"minecraft:andesite":2,"minecraft:cooked_beef":2,"minecraft:light_gray_bed":3,"minecraft:pointed_dripstone":14},"minecraft:picked_up":{"bunker_down:ceiling_lamp":1,"minecraft:crafting_table":10,"minecraft:wheat":7,"minecraft:cooked_beef":28,"minecraft:andesite":2,"minecraft:redstone_lamp":1,"minecraft:leather":4,"minecraft:wooden_pickaxe":1,"bunker_down:steel_vent":1,"minecraft:flint":6,"minecraft:oak_log":17,"gravestone:obituary":1,"minecraft:gunpowder":13,"minecraft:dirt":59,"minecraft:string":6,"minecraft:raw_copper":24,"bunker_down:steel_block":15,"minecraft:leather_boots":1,"minecraft:bone":52,"minecraft:apple":2,"minecraft:stone_bricks":1,"minecraft:wheat_seeds":20,"minecraft:iron_ingot":9,"minecraft:stone_pickaxe":1,"minecraft:beef":42,"minecraft:poppy":4,"minecraft:mossy_stone_bricks":2,"minecraft:sugar_cane":13,"minecraft:stick":3,"minecraft:raw_iron":19,"hunting_delight:humanmeat":2,"minecraft:oak_fence":2,"minecraft:torch":14,"minecraft:dripstone_block":41,"minecraft:gravel":23,"minecraft:porkchop":4,"minecraft:pointed_dripstone":38,"minecraft:diorite":53,"minecraft:carrot":1,"minecraft:spider_eye":2,"bunker_down:steel_block_slab":2,"hunting_delight:animal_fat":8,"minecraft:quartz_block":2,"minecraft:stone_shovel":2,"minecraft:light_gray_bed":4,"minecraft:rotten_flesh":60,"minecraft:stone_axe":1,"minecraft:lever":2,"k_turrets:raw_titanium":5,"minecraft:granite":12,"hunting_delight:broken_bone":100,"hunting_delight:worm":5,"minecraft:mutton":18,"minecraft:coal":33,"minecraft:white_wool":3,"minecraft:cobblestone":318},"minecraft:broken":{"minecraft:stone_pickaxe":3,"bunker_down:brittle_pickaxe":1},"minecraft:crafted":{"minecraft:oak_planks":68,"minecraft:crafting_table":1,"minecraft:wooden_pickaxe":2,"minecraft:furnace":1,"minecraft:stone_axe":3,"minecraft:stick":44,"minecraft:stone_pickaxe":7,"minecraft:torch":40,"hunting_delight:huntingknife":1}},"DataVersion":3120}