{"stats":{"minecraft:dropped":{"minecraft:wheat_seeds":1},"minecraft:custom":{"minecraft:time_since_rest":2792,"minecraft:open_chest":2,"minecraft:crouch_one_cm":1960,"minecraft:play_time":5358,"minecraft:interact_with_furnace":2,"minecraft:sprint_one_cm":4764,"minecraft:damage_taken":115,"minecraft:walk_one_cm":21059,"minecraft:sneak_time":533,"minecraft:drop":1,"minecraft:jump":64,"minecraft:time_since_death":5358,"minecraft:sleep_in_bed":2,"minecraft:total_world_time":5358,"minecraft:climb_one_cm":7263,"minecraft:fly_one_cm":9571,"minecraft:fall_one_cm":2005,"minecraft:interact_with_crafting_table":1},"minecraft:mined":{"minecraft:oak_log":5,"minecraft:crafting_table":2,"minecraft:redstone_lamp":1},"minecraft:used":{"minecraft:crafting_table":1},"minecraft:picked_up":{"minecraft:crafting_table":2,"minecraft:redstone_lamp":1,"minecraft:wheat_seeds":1,"minecraft:oak_log":5},"minecraft:crafted":{"minecraft:oak_planks":20,"minecraft:stick":4,"minecraft:wooden_pickaxe":1}},"DataVersion":3120}