{"stats":{"minecraft:killed_by":{"minecraft:zombie":1},"minecraft:dropped":{"minecraft:wheat_seeds":1,"minecraft:leather_boots":1,"gravestone:obituary":2,"hunting_delight:worm":2,"minecraft:wooden_pickaxe":1},"minecraft:custom":{"minecraft:interact_with_furnace":3,"minecraft:mob_kills":12,"minecraft:interact_with_crafting_table":6,"minecraft:time_since_death":12272,"minecraft:sleep_in_bed":3,"minecraft:climb_one_cm":18744,"minecraft:time_since_rest":12297,"minecraft:sprint_one_cm":38545,"minecraft:damage_taken":496,"minecraft:walk_one_cm":89781,"minecraft:drop":7,"minecraft:damage_dealt":1814,"minecraft:fly_one_cm":54849,"minecraft:open_chest":3,"minecraft:crouch_one_cm":15012,"minecraft:play_time":29358,"minecraft:deaths":2,"minecraft:sneak_time":5696,"minecraft:walk_under_water_one_cm":977,"minecraft:jump":545,"minecraft:walk_on_water_one_cm":836,"minecraft:total_world_time":29358,"minecraft:fall_one_cm":21071},"minecraft:mined":{"minecraft:quartz_block":2,"minecraft:crafting_table":3,"minecraft:torch":1,"gravestone:gravestone":2,"minecraft:grass_block":9,"minecraft:light_gray_bed":2,"minecraft:copper_ore":1,"minecraft:tall_grass":1,"minecraft:cobblestone":1,"minecraft:sugar_cane":6,"minecraft:diorite":1,"minecraft:wall_torch":6,"minecraft:seagrass":1,"minecraft:pointed_dripstone":3,"minecraft:grass":2,"minecraft:oak_log":5,"minecraft:coal_ore":11,"minecraft:dripstone_block":1,"minecraft:dirt":16,"minecraft:stone":71,"minecraft:mossy_stone_bricks":1,"minecraft:redstone_lamp":1},"minecraft:killed":{"minecraft:pig":1,"minecraft:creeper":1,"minecraft:sheep":3,"minecraft:zombie":3,"minecraft:cow":4},"minecraft:used":{"minecraft:stone_pickaxe":110,"minecraft:oak_planks":1,"minecraft:wooden_pickaxe":6,"minecraft:rotten_flesh":4,"minecraft:torch":20,"minecraft:dirt":18,"minecraft:crafting_table":3,"hunting_delight:humanmeat":1,"minecraft:dripstone_block":1,"minecraft:stone_axe":35,"minecraft:redstone_lamp":1,"minecraft:cobblestone":8,"minecraft:furnace":1,"minecraft:light_gray_bed":2},"minecraft:picked_up":{"minecraft:crafting_table":3,"minecraft:redstone_lamp":1,"minecraft:leather":4,"minecraft:flint":1,"minecraft:oak_log":5,"minecraft:gunpowder":11,"minecraft:dirt":26,"minecraft:raw_copper":2,"minecraft:leather_boots":1,"minecraft:bone":52,"minecraft:stone_bricks":1,"minecraft:wheat_seeds":1,"minecraft:beef":42,"minecraft:mossy_stone_bricks":1,"minecraft:sugar_cane":13,"hunting_delight:humanmeat":2,"minecraft:torch":7,"minecraft:dripstone_block":3,"minecraft:porkchop":4,"minecraft:pointed_dripstone":5,"minecraft:diorite":1,"minecraft:carrot":1,"hunting_delight:animal_fat":8,"minecraft:quartz_block":2,"minecraft:light_gray_bed":2,"minecraft:rotten_flesh":50,"hunting_delight:broken_bone":62,"hunting_delight:worm":4,"minecraft:cobblestone":79,"minecraft:mutton":18,"minecraft:coal":11,"minecraft:white_wool":3},"minecraft:crafted":{"minecraft:oak_planks":20,"minecraft:wooden_pickaxe":1,"minecraft:furnace":1,"minecraft:stone_axe":1,"minecraft:stick":12,"minecraft:stone_pickaxe":1,"minecraft:torch":16,"hunting_delight:huntingknife":1}},"DataVersion":3120}