{
  "bunker_down:first_joined_world": {
    "criteria": {
      "first_joined_world": "2024-11-10 02:55:38 +0000"
    },
    "done": true
  },
  "ags_day_counter:day_counter_root_advancement": {
    "criteria": {
      "day_counter_root_advancement": "2024-11-10 02:55:38 +0000"
    },
    "done": true
  },
  "minecraft:adventure/adventuring_time": {
    "criteria": {
      "minecraft:dripstone_caves": "2024-11-10 02:55:40 +0000",
      "minecraft:plains": "2024-11-10 02:55:39 +0000"
    },
    "done": false
  },
  "DataVersion": 3120
}