{
  "minecraft:recipes/tools/wooden_axe": {
    "criteria": {
      "has_stick": "2024-06-23 19:39:34 +0000"
    },
    "done": true
  },
  "minecraft:recipes/decorations/spruce_sign": {
    "criteria": {
      "has_planks": "2024-06-23 19:43:01 +0000"
    },
    "done": true
  },
  "minecraft:recipes/building_blocks/granite_stairs": {
    "criteria": {
      "has_granite": "2024-06-16 22:59:38 +0000"
    },
    "done": true
  },
  "minecraft:recipes/redstone/lever": {
    "criteria": {
      "has_cobblestone": "2024-06-23 19:35:38 +0000"
    },
    "done": true
  },
  "minecraft:recipes/building_blocks/cobblestone_stairs_from_cobblestone_stonecutting": {
    "criteria": {
      "has_cobblestone": "2024-06-23 19:35:38 +0000"
    },
    "done": true
  },
  "minecraft:recipes/misc/paper": {
    "criteria": {
      "has_reeds": "2024-06-23 19:44:36 +0000"
    },
    "done": true
  },
  "minecraft:recipes/building_blocks/polished_diorite_stairs_from_diorite_stonecutting": {
    "criteria": {
      "has_diorite": "2024-07-11 02:40:08 +0000"
    },
    "done": true
  },
  "minecraft:recipes/redstone/spruce_door": {
    "criteria": {
      "has_planks": "2024-06-23 19:43:01 +0000"
    },
    "done": true
  },
  "additionalguns:recipes/additionalguns/akm": {
    "criteria": {
      "has_planks": "2024-06-23 19:39:30 +0000"
    },
    "done": true
  },
  "additionalguns:recipes/additionalguns/unica": {
    "criteria": {
      "has_planks": "2024-06-23 19:39:30 +0000"
    },
    "done": true
  },
  "minecraft:recipes/misc/iron_ingot_from_blasting_raw_iron": {
    "criteria": {
      "has_raw_iron": "2024-07-11 02:41:39 +0000"
    },
    "done": true
  },
  "bunker_down:first_joined_world": {
    "criteria": {
      "first_joined_world": "2024-06-16 22:56:18 +0000"
    },
    "done": true
  },
  "minecraft:recipes/building_blocks/diorite_stairs_from_diorite_stonecutting": {
    "criteria": {
      "has_diorite": "2024-07-11 02:40:08 +0000"
    },
    "done": true
  },
  "minecraft:recipes/redstone/spruce_fence_gate": {
    "criteria": {
      "has_planks": "2024-06-23 19:43:01 +0000"
    },
    "done": true
  },
  "minecraft:recipes/redstone/birch_pressure_plate": {
    "criteria": {
      "has_planks": "2024-06-23 19:39:30 +0000"
    },
    "done": true
  },
  "minecraft:recipes/decorations/crafting_table": {
    "criteria": {
      "has_planks": "2024-06-23 19:39:30 +0000"
    },
    "done": true
  },
  "minecraft:recipes/decorations/campfire": {
    "criteria": {
      "has_stick": "2024-06-23 19:39:34 +0000"
    },
    "done": true
  },
  "additionalguns:recipes/additionalguns/vintorez": {
    "criteria": {
      "has_sponge": "2024-06-16 22:59:09 +0000"
    },
    "done": true
  },
  "additionalguns:recipes/additionalguns/ak74": {
    "criteria": {
      "has_planks": "2024-06-23 19:39:30 +0000"
    },
    "done": true
  },
  "minecraft:recipes/building_blocks/diorite_slab_from_diorite_stonecutting": {
    "criteria": {
      "has_diorite": "2024-07-11 02:40:08 +0000"
    },
    "done": true
  },
  "minecraft:recipes/decorations/ladder": {
    "criteria": {
      "has_stick": "2024-06-23 19:39:34 +0000"
    },
    "done": true
  },
  "projectarsenal:recipes/projectarsenal/mossou": {
    "criteria": {
      "has_planks": "2024-06-23 19:39:30 +0000"
    },
    "done": true
  },
  "minecraft:recipes/decorations/chest": {
    "criteria": {
      "has_lots_of_items": "2024-06-23 19:45:43 +0000"
    },
    "done": true
  },
  "minecraft:recipes/redstone/birch_button": {
    "criteria": {
      "has_planks": "2024-06-23 19:39:30 +0000"
    },
    "done": true
  },
  "minecraft:recipes/transportation/mangrove_boat": {
    "criteria": {
      "in_water": "2024-06-16 22:58:19 +0000"
    },
    "done": true
  },
  "projectarsenal:recipes/projectarsenal/akx": {
    "criteria": {
      "has_planks": "2024-06-23 19:39:30 +0000"
    },
    "done": true
  },
  "minecraft:recipes/redstone/spruce_button": {
    "criteria": {
      "has_planks": "2024-06-23 19:43:01 +0000"
    },
    "done": true
  },
  "minecraft:recipes/tools/wooden_shovel": {
    "criteria": {
      "has_stick": "2024-06-23 19:39:34 +0000"
    },
    "done": true
  },
  "minecraft:recipes/decorations/torch": {
    "criteria": {
      "has_stone_pickaxe": "2024-06-23 19:45:11 +0000"
    },
    "done": true
  },
  "cgm:recipes/cgm/advanced_bullet": {
    "criteria": {
      "has_gunpowder": "2024-07-11 02:40:26 +0000"
    },
    "done": true
  },
  "securitycraft:recipes/securitycraft/sc_manual": {
    "criteria": {
      "has_wood": "2024-06-23 19:38:02 +0000"
    },
    "done": true
  },
  "minecraft:recipes/misc/stick": {
    "criteria": {
      "has_planks": "2024-06-23 19:39:30 +0000"
    },
    "done": true
  },
  "minecraft:recipes/combat/arrow": {
    "criteria": {
      "has_feather": "2024-06-23 19:45:42 +0000"
    },
    "done": true
  },
  "minecraft:recipes/building_blocks/spruce_wood": {
    "criteria": {
      "has_log": "2024-06-23 19:42:57 +0000"
    },
    "done": true
  },
  "additionalguns:recipes/additionalguns/m4a1s": {
    "criteria": {
      "has_sponge": "2024-06-16 22:59:09 +0000"
    },
    "done": true
  },
  "minecraft:recipes/transportation/spruce_boat": {
    "criteria": {
      "in_water": "2024-06-16 22:58:19 +0000"
    },
    "done": true
  },
  "minecraft:recipes/tools/stone_shovel": {
    "criteria": {
      "has_cobblestone": "2024-06-23 19:35:38 +0000"
    },
    "done": true
  },
  "minecraft:recipes/combat/wooden_sword": {
    "criteria": {
      "has_stick": "2024-06-23 19:39:34 +0000"
    },
    "done": true
  },
  "projectarsenal:recipes/projectarsenal/dp27": {
    "criteria": {
      "has_spruce_planks": "2024-06-23 19:43:01 +0000"
    },
    "done": true
  },
  "minecraft:recipes/misc/firework_rocket_simple": {
    "criteria": {
      "has_gunpowder": "2024-07-11 02:40:26 +0000"
    },
    "done": true
  },
  "minecraft:recipes/building_blocks/oak_planks": {
    "criteria": {
      "has_logs": "2024-06-23 19:41:58 +0000"
    },
    "done": true
  },
  "minecraft:recipes/building_blocks/diorite_stairs": {
    "criteria": {
      "has_diorite": "2024-07-11 02:40:08 +0000"
    },
    "done": true
  },
  "minecraft:recipes/building_blocks/spruce_slab": {
    "criteria": {
      "has_planks": "2024-06-23 19:43:01 +0000"
    },
    "done": true
  },
  "minecraft:recipes/building_blocks/granite_slab_from_granite_stonecutting": {
    "criteria": {
      "has_granite": "2024-06-16 22:59:38 +0000"
    },
    "done": true
  },
  "minecraft:recipes/food/cake": {
    "criteria": {
      "has_egg": "2024-06-23 19:46:02 +0000"
    },
    "done": true
  },
  "ags_day_counter:day_counter_root_advancement": {
    "criteria": {
      "day_counter_root_advancement": "2024-06-16 22:56:18 +0000"
    },
    "done": true
  },
  "minecraft:recipes/building_blocks/polished_granite_from_granite_stonecutting": {
    "criteria": {
      "has_granite": "2024-06-16 22:59:38 +0000"
    },
    "done": true
  },
  "securitycraft:recipes/securitycraft/reinforced_andesite": {
    "criteria": {
      "has_cobblestone": "2024-06-23 19:35:38 +0000"
    },
    "done": true
  },
  "minecraft:recipes/misc/sugar_from_sugar_cane": {
    "criteria": {
      "has_sugar_cane": "2024-06-23 19:44:36 +0000"
    },
    "done": true
  },
  "mutantmonsters:root": {
    "criteria": {
      "killed_by_something": "2024-06-23 19:42:21 +0000"
    },
    "done": true
  },
  "minecraft:recipes/tools/wooden_hoe": {
    "criteria": {
      "has_stick": "2024-06-23 19:39:34 +0000"
    },
    "done": true
  },
  "minecraft:recipes/building_blocks/andesite": {
    "criteria": {
      "has_stone": "2024-07-11 02:40:08 +0000"
    },
    "done": true
  },
  "cgm:recipes/cgm/basic_bullet": {
    "criteria": {
      "has_gunpowder": "2024-07-11 02:40:26 +0000"
    },
    "done": true
  },
  "minecraft:recipes/building_blocks/cobblestone_slab": {
    "criteria": {
      "has_cobblestone": "2024-06-23 19:35:38 +0000"
    },
    "done": true
  },
  "minecraft:recipes/building_blocks/cobblestone_stairs": {
    "criteria": {
      "has_cobblestone": "2024-06-23 19:35:38 +0000"
    },
    "done": true
  },
  "minecraft:recipes/building_blocks/birch_planks": {
    "criteria": {
      "has_logs": "2024-06-23 19:38:02 +0000"
    },
    "done": true
  },
  "minecraft:recipes/building_blocks/diorite_slab": {
    "criteria": {
      "has_diorite": "2024-07-11 02:40:08 +0000"
    },
    "done": true
  },
  "minecraft:recipes/building_blocks/birch_slab": {
    "criteria": {
      "has_planks": "2024-06-23 19:39:30 +0000"
    },
    "done": true
  },
  "securitycraft:recipes/securitycraft/laser_block": {
    "criteria": {
      "has_stone": "2024-06-16 22:59:38 +0000"
    },
    "done": true
  },
  "minecraft:recipes/decorations/granite_wall": {
    "criteria": {
      "has_granite": "2024-06-16 22:59:38 +0000"
    },
    "done": true
  },
  "additionalguns:recipes/additionalguns/bullet_short": {
    "criteria": {
      "has_gunpowder": "2024-07-11 02:40:26 +0000"
    },
    "done": true
  },
  "minecraft:recipes/building_blocks/oak_wood": {
    "criteria": {
      "has_log": "2024-06-23 19:41:58 +0000"
    },
    "done": true
  },
  "minecraft:recipes/redstone/birch_fence_gate": {
    "criteria": {
      "has_planks": "2024-06-23 19:39:30 +0000"
    },
    "done": true
  },
  "minecraft:story/root": {
    "criteria": {
      "crafting_table": "2024-06-23 19:43:23 +0000"
    },
    "done": true
  },
  "projectarsenal:recipes/projectarsenal/desert_eagle_classic": {
    "criteria": {
      "has_gunpowder": "2024-07-11 02:40:26 +0000"
    },
    "done": true
  },
  "minecraft:recipes/combat/crossbow": {
    "criteria": {
      "has_stick": "2024-06-23 19:39:34 +0000"
    },
    "done": true
  },
  "minecraft:recipes/building_blocks/polished_diorite_slab_from_diorite_stonecutting": {
    "criteria": {
      "has_diorite": "2024-07-11 02:40:08 +0000"
    },
    "done": true
  },
  "cgm:recipes/cgm/shell": {
    "criteria": {
      "has_gunpowder": "2024-07-11 02:40:26 +0000"
    },
    "done": true
  },
  "minecraft:recipes/redstone/spruce_pressure_plate": {
    "criteria": {
      "has_planks": "2024-06-23 19:43:01 +0000"
    },
    "done": true
  },
  "minecraft:recipes/building_blocks/granite_stairs_from_granite_stonecutting": {
    "criteria": {
      "has_granite": "2024-06-16 22:59:38 +0000"
    },
    "done": true
  },
  "projectarsenal:recipes/projectarsenal/ar15_classic": {
    "criteria": {
      "has_planks": "2024-06-23 19:39:30 +0000"
    },
    "done": true
  },
  "minecraft:recipes/building_blocks/polished_diorite_from_diorite_stonecutting": {
    "criteria": {
      "has_diorite": "2024-07-11 02:40:08 +0000"
    },
    "done": true
  },
  "additionalguns:recipes/additionalguns/python": {
    "criteria": {
      "has_planks": "2024-06-23 19:39:30 +0000"
    },
    "done": true
  },
  "minecraft:recipes/food/cooked_chicken_from_smoking": {
    "criteria": {
      "has_chicken": "2024-06-23 19:45:43 +0000"
    },
    "done": true
  },
  "minecraft:recipes/redstone/tnt": {
    "criteria": {
      "has_gunpowder": "2024-07-11 02:40:26 +0000"
    },
    "done": true
  },
  "securitycraft:recipes/securitycraft/reinforced_diorite": {
    "criteria": {
      "has_cobblestone": "2024-06-23 19:35:38 +0000"
    },
    "done": true
  },
  "additionalguns:recipes/additionalguns/bullet_heavy": {
    "criteria": {
      "has_gunpowder": "2024-07-11 02:40:26 +0000"
    },
    "done": true
  },
  "minecraft:adventure/kill_a_mob": {
    "criteria": {
      "minecraft:creeper": "2024-07-11 02:40:12 +0000"
    },
    "done": true
  },
  "cgm:recipes/cgm/grenade": {
    "criteria": {
      "has_gunpowder": "2024-07-11 02:40:26 +0000"
    },
    "done": true
  },
  "additionalguns:recipes/additionalguns/bullet_medium": {
    "criteria": {
      "has_gunpowder": "2024-07-11 02:40:26 +0000"
    },
    "done": true
  },
  "minecraft:recipes/decorations/diorite_wall_from_diorite_stonecutting": {
    "criteria": {
      "has_diorite": "2024-07-11 02:40:08 +0000"
    },
    "done": true
  },
  "rottencreatures:recipes/rottencreatures.rottencreatures/tnt_barrel": {
    "criteria": {
      "has_gunpowder": "2024-07-11 02:40:26 +0000"
    },
    "done": true
  },
  "minecraft:recipes/decorations/diorite_wall": {
    "criteria": {
      "has_diorite": "2024-07-11 02:40:08 +0000"
    },
    "done": true
  },
  "additionalguns:recipes/additionalguns/aks74u": {
    "criteria": {
      "has_planks": "2024-06-23 19:39:30 +0000"
    },
    "done": true
  },
  "additionalguns:recipes/additionalguns/bullet_long": {
    "criteria": {
      "has_gunpowder": "2024-07-11 02:40:26 +0000"
    },
    "done": true
  },
  "additionalguns:recipes/additionalguns/banshee": {
    "criteria": {
      "has_sponge": "2024-06-16 22:59:10 +0000"
    },
    "done": true
  },
  "minecraft:story/mine_stone": {
    "criteria": {
      "get_stone": "2024-06-23 19:35:38 +0000"
    },
    "done": true
  },
  "minecraft:recipes/building_blocks/stone": {
    "criteria": {
      "has_cobblestone": "2024-06-23 19:35:38 +0000"
    },
    "done": true
  },
  "minecraft:recipes/decorations/furnace": {
    "criteria": {
      "has_cobblestone": "2024-06-23 19:35:38 +0000"
    },
    "done": true
  },
  "cgm:recipes/cgm/missile": {
    "criteria": {
      "has_gunpowder": "2024-07-11 02:40:26 +0000"
    },
    "done": true
  },
  "minecraft:adventure/adventuring_time": {
    "criteria": {
      "minecraft:taiga": "2024-06-16 22:57:02 +0000",
      "minecraft:river": "2024-06-16 22:57:33 +0000",
      "minecraft:forest": "2024-06-16 22:56:21 +0000",
      "minecraft:plains": "2024-06-16 22:57:44 +0000"
    },
    "done": false
  },
  "minecraft:adventure/sleep_in_bed": {
    "criteria": {
      "slept_in_bed": "2024-06-23 19:37:11 +0000"
    },
    "done": true
  },
  "minecraft:recipes/misc/charcoal": {
    "criteria": {
      "has_log": "2024-06-23 19:38:02 +0000"
    },
    "done": true
  },
  "minecraft:recipes/building_blocks/spruce_planks": {
    "criteria": {
      "has_logs": "2024-06-23 19:42:57 +0000"
    },
    "done": true
  },
  "minecraft:recipes/tools/wooden_pickaxe": {
    "criteria": {
      "has_stick": "2024-06-23 19:39:34 +0000"
    },
    "done": true
  },
  "minecraft:recipes/building_blocks/cobblestone_slab_from_cobblestone_stonecutting": {
    "criteria": {
      "has_cobblestone": "2024-06-23 19:35:38 +0000"
    },
    "done": true
  },
  "minecraft:recipes/transportation/birch_boat": {
    "criteria": {
      "in_water": "2024-06-16 22:58:19 +0000"
    },
    "done": true
  },
  "minecraft:recipes/combat/stone_sword": {
    "criteria": {
      "has_cobblestone": "2024-06-23 19:35:38 +0000"
    },
    "done": true
  },
  "minecraft:recipes/building_blocks/polished_granite_slab_from_granite_stonecutting": {
    "criteria": {
      "has_granite": "2024-06-16 22:59:38 +0000"
    },
    "done": true
  },
  "minecraft:recipes/decorations/cobblestone_wall": {
    "criteria": {
      "has_cobblestone": "2024-06-23 19:35:38 +0000"
    },
    "done": true
  },
  "minecraft:recipes/decorations/barrel": {
    "criteria": {
      "has_planks": "2024-06-23 19:39:30 +0000"
    },
    "done": true
  },
  "securitycraft:recipes/securitycraft/sonic_security_system": {
    "criteria": {
      "has_stick": "2024-06-23 19:39:34 +0000"
    },
    "done": true
  },
  "minecraft:recipes/transportation/acacia_boat": {
    "criteria": {
      "in_water": "2024-06-16 22:58:19 +0000"
    },
    "done": true
  },
  "minecraft:recipes/misc/iron_ingot_from_smelting_raw_iron": {
    "criteria": {
      "has_raw_iron": "2024-07-11 02:41:39 +0000"
    },
    "done": true
  },
  "minecraft:recipes/tools/stone_pickaxe": {
    "criteria": {
      "has_cobblestone": "2024-06-23 19:35:38 +0000"
    },
    "done": true
  },
  "additionalguns:recipes/additionalguns/val": {
    "criteria": {
      "has_sponge": "2024-06-16 22:59:09 +0000"
    },
    "done": true
  },
  "minecraft:recipes/decorations/birch_sign": {
    "criteria": {
      "has_planks": "2024-06-23 19:39:30 +0000"
    },
    "done": true
  },
  "minecraft:adventure/root": {
    "criteria": {
      "killed_by_something": "2024-06-23 19:42:21 +0000"
    },
    "done": true
  },
  "securitycraft:recipes/securitycraft/motion_activated_light": {
    "criteria": {
      "has_stick": "2024-06-23 19:39:34 +0000"
    },
    "done": true
  },
  "minecraft:recipes/transportation/jungle_boat": {
    "criteria": {
      "in_water": "2024-06-16 22:58:19 +0000"
    },
    "done": true
  },
  "minecraft:recipes/decorations/cobblestone_wall_from_cobblestone_stonecutting": {
    "criteria": {
      "has_cobblestone": "2024-06-23 19:35:38 +0000"
    },
    "done": true
  },
  "minecraft:recipes/building_blocks/birch_stairs": {
    "criteria": {
      "has_planks": "2024-06-23 19:39:30 +0000"
    },
    "done": true
  },
  "minecraft:recipes/tools/stone_hoe": {
    "criteria": {
      "has_cobblestone": "2024-06-23 19:35:38 +0000"
    },
    "done": true
  },
  "minecraft:recipes/transportation/dark_oak_boat": {
    "criteria": {
      "in_water": "2024-06-16 22:58:19 +0000"
    },
    "done": true
  },
  "minecraft:recipes/decorations/spruce_fence": {
    "criteria": {
      "has_planks": "2024-06-23 19:43:01 +0000"
    },
    "done": true
  },
  "minecraft:adventure/kill_all_mobs": {
    "criteria": {
      "minecraft:creeper": "2024-07-11 02:40:12 +0000"
    },
    "done": false
  },
  "minecraft:recipes/building_blocks/birch_wood": {
    "criteria": {
      "has_log": "2024-06-23 19:38:02 +0000"
    },
    "done": true
  },
  "minecraft:recipes/building_blocks/polished_granite": {
    "criteria": {
      "has_granite": "2024-06-16 22:59:38 +0000"
    },
    "done": true
  },
  "minecraft:recipes/building_blocks/granite_slab": {
    "criteria": {
      "has_granite": "2024-06-16 22:59:38 +0000"
    },
    "done": true
  },
  "minecraft:recipes/redstone/birch_trapdoor": {
    "criteria": {
      "has_planks": "2024-06-23 19:39:30 +0000"
    },
    "done": true
  },
  "additionalguns:recipes/additionalguns/9a91": {
    "criteria": {
      "has_sponge": "2024-06-16 22:59:10 +0000"
    },
    "done": true
  },
  "minecraft:recipes/food/cooked_chicken_from_campfire_cooking": {
    "criteria": {
      "has_chicken": "2024-06-23 19:45:43 +0000"
    },
    "done": true
  },
  "minecraft:recipes/building_blocks/spruce_stairs": {
    "criteria": {
      "has_planks": "2024-06-23 19:43:01 +0000"
    },
    "done": true
  },
  "minecraft:recipes/redstone/spruce_trapdoor": {
    "criteria": {
      "has_planks": "2024-06-23 19:43:01 +0000"
    },
    "done": true
  },
  "minecraft:recipes/redstone/birch_door": {
    "criteria": {
      "has_planks": "2024-06-23 19:39:30 +0000"
    },
    "done": true
  },
  "additionalguns:recipes/additionalguns/over_under": {
    "criteria": {
      "has_planks": "2024-06-23 19:39:30 +0000"
    },
    "done": true
  },
  "additionalguns:recipes/additionalguns/bullet_small": {
    "criteria": {
      "has_gunpowder": "2024-07-11 02:40:26 +0000"
    },
    "done": true
  },
  "minecraft:recipes/decorations/granite_wall_from_granite_stonecutting": {
    "criteria": {
      "has_granite": "2024-06-16 22:59:38 +0000"
    },
    "done": true
  },
  "cgm:recipes/cgm/stun_grenade": {
    "criteria": {
      "has_gunpowder": "2024-07-11 02:40:26 +0000"
    },
    "done": true
  },
  "minecraft:recipes/building_blocks/polished_diorite": {
    "criteria": {
      "has_diorite": "2024-07-11 02:40:08 +0000"
    },
    "done": true
  },
  "additionalguns:recipes/additionalguns/bullet_special": {
    "criteria": {
      "has_gunpowder": "2024-07-11 02:40:26 +0000"
    },
    "done": true
  },
  "minecraft:story/upgrade_tools": {
    "criteria": {
      "stone_pickaxe": "2024-06-23 19:45:11 +0000"
    },
    "done": true
  },
  "minecraft:recipes/building_blocks/polished_granite_stairs_from_granite_stonecutting": {
    "criteria": {
      "has_granite": "2024-06-16 22:59:38 +0000"
    },
    "done": true
  },
  "minecraft:recipes/food/cooked_chicken": {
    "criteria": {
      "has_chicken": "2024-06-23 19:45:43 +0000"
    },
    "done": true
  },
  "minecraft:recipes/transportation/oak_boat": {
    "criteria": {
      "in_water": "2024-06-16 22:58:19 +0000"
    },
    "done": true
  },
  "ags_day_counter:firts_day_advancement": {
    "criteria": {
      "firts_day_advancement": "2024-06-23 19:37:16 +0000"
    },
    "done": true
  },
  "minecraft:recipes/decorations/soul_campfire": {
    "criteria": {
      "has_stick": "2024-06-23 19:39:34 +0000"
    },
    "done": true
  },
  "minecraft:recipes/tools/stone_axe": {
    "criteria": {
      "has_cobblestone": "2024-06-23 19:35:38 +0000"
    },
    "done": true
  },
  "minecraft:recipes/building_blocks/raw_iron_block": {
    "criteria": {
      "has_raw_iron": "2024-07-11 02:41:39 +0000"
    },
    "done": true
  },
  "minecraft:recipes/decorations/birch_fence": {
    "criteria": {
      "has_planks": "2024-06-23 19:39:30 +0000"
    },
    "done": true
  },
  "DataVersion": 3120
}