{
  "securitycraft:recipes/securitycraft/universal_block_remover": {
    "criteria": {
      "has_iron": "2024-11-10 01:45:09 +0000"
    },
    "done": true
  },
  "minecraft:recipes/tools/fishing_rod": {
    "criteria": {
      "has_string": "2024-11-10 02:47:17 +0000"
    },
    "done": true
  },
  "minecraft:recipes/decorations/smoker": {
    "criteria": {
      "has_furnace": "2024-11-10 01:44:45 +0000"
    },
    "done": true
  },
  "minecraft:recipes/food/cooked_mutton_from_campfire_cooking": {
    "criteria": {
      "has_mutton": "2024-11-10 02:47:17 +0000"
    },
    "done": true
  },
  "minecraft:recipes/travelersbackpack/cake_smithing_iron": {
    "criteria": {
      "has_iron_tier_upgrade": "2024-11-10 23:03:36 +0000"
    },
    "done": true
  },
  "minecraft:recipes/building_blocks/black_stained_glass": {
    "criteria": {
      "has_glass": "2024-11-10 22:52:26 +0000"
    },
    "done": true
  },
  "minecraft:recipes/building_blocks/weathered_cut_copper_stairs_from_weathered_copper_stonecutting": {
    "criteria": {
      "has_weathered_copper": "2024-11-10 02:08:49 +0000"
    },
    "done": true
  },
  "securitycraft:recipes/securitycraft/reinforced_purple_stained_glass_pane_from_dye": {
    "criteria": {
      "has_glass": "2024-11-10 22:52:26 +0000"
    },
    "done": true
  },
  "minecraft:recipes/redstone/lever": {
    "criteria": {
      "has_cobblestone": "2024-11-09 21:19:12 +0000"
    },
    "done": true
  },
  "minecraft:recipes/combat/iron_sword": {
    "criteria": {
      "has_iron_ingot": "2024-11-10 01:45:09 +0000"
    },
    "done": true
  },
  "minecraft:recipes/building_blocks/stone_bricks": {
    "criteria": {
      "has_stone": "2024-11-09 21:19:30 +0000"
    },
    "done": true
  },
  "minecraft:recipes/redstone/observer": {
    "criteria": {
      "has_quartz": "2024-11-10 22:39:03 +0000"
    },
    "done": true
  },
  "additionalguns:recipes/additionalguns/akm": {
    "criteria": {
      "has_planks": "2024-11-10 01:26:06 +0000"
    },
    "done": true
  },
  "additionalguns:recipes/additionalguns/unica": {
    "criteria": {
      "has_planks": "2024-11-10 01:26:06 +0000"
    },
    "done": true
  },
  "minecraft:recipes/building_blocks/polished_deepslate": {
    "criteria": {
      "has_cobbled_deepslate": "2024-11-10 22:31:51 +0000"
    },
    "done": true
  },
  "minecraft:recipes/building_blocks/chiseled_deepslate_from_cobbled_deepslate_stonecutting": {
    "criteria": {
      "has_cobbled_deepslate": "2024-11-10 22:31:51 +0000"
    },
    "done": true
  },
  "minecraft:recipes/building_blocks/lime_concrete_powder": {
    "criteria": {
      "has_gravel": "2024-11-09 21:33:42 +0000"
    },
    "done": true
  },
  "securitycraft:recipes/securitycraft/sentry": {
    "criteria": {
      "has_iron": "2024-11-10 01:45:09 +0000"
    },
    "done": true
  },
  "minecraft:recipes/building_blocks/chiseled_stone_bricks": {
    "criteria": {
      "has_tag": "2024-11-08 01:02:29 +0000"
    },
    "done": true
  },
  "minecraft:recipes/tools/iron_pickaxe": {
    "criteria": {
      "has_iron_ingot": "2024-11-10 01:45:09 +0000"
    },
    "done": true
  },
  "additionalguns:recipes/additionalguns/casing_heavy": {
    "criteria": {
      "has_iron_nugget": "2024-11-10 21:53:33 +0000"
    },
    "done": true
  },
  "minecraft:recipes/building_blocks/gray_stained_glass": {
    "criteria": {
      "has_glass": "2024-11-10 22:52:26 +0000"
    },
    "done": true
  },
  "minecraft:recipes/building_blocks/yellow_concrete_powder": {
    "criteria": {
      "has_gravel": "2024-11-09 21:33:42 +0000"
    },
    "done": true
  },
  "minecraft:recipes/combat/leather_helmet": {
    "criteria": {
      "has_leather": "2024-11-10 02:47:17 +0000"
    },
    "done": true
  },
  "minecraft:recipes/decorations/crafting_table": {
    "criteria": {
      "has_planks": "2024-11-10 01:26:06 +0000"
    },
    "done": true
  },
  "minecraft:recipes/building_blocks/magenta_wool": {
    "criteria": {
      "has_white_wool": "2024-11-10 02:47:17 +0000"
    },
    "done": true
  },
  "additionalguns:recipes/additionalguns/usp": {
    "criteria": {
      "has_iron_ingot": "2024-11-10 01:45:09 +0000"
    },
    "done": true
  },
  "minecraft:recipes/building_blocks/purple_stained_glass": {
    "criteria": {
      "has_glass": "2024-11-10 22:52:26 +0000"
    },
    "done": true
  },
  "additionalguns:recipes/additionalguns/ak74": {
    "criteria": {
      "has_planks": "2024-11-10 01:26:06 +0000"
    },
    "done": true
  },
  "minecraft:recipes/building_blocks/copper_block": {
    "criteria": {
      "has_copper_ingot": "2024-11-10 01:42:41 +0000"
    },
    "done": true
  },
  "securitycraft:recipes/securitycraft/reinforced_green_stained_glass": {
    "criteria": {
      "has_glass": "2024-11-10 22:52:26 +0000"
    },
    "done": true
  },
  "securitycraft:recipes/securitycraft/reinforced_red_stained_glass_pane_from_dye": {
    "criteria": {
      "has_glass": "2024-11-10 22:52:26 +0000"
    },
    "done": true
  },
  "minecraft:recipes/decorations/ladder": {
    "criteria": {
      "has_stick": "2024-11-09 21:19:06 +0000"
    },
    "done": true
  },
  "minecraft:recipes/building_blocks/cut_copper_stairs_from_copper_block_stonecutting": {
    "criteria": {
      "has_copper_block": "2024-11-10 02:13:31 +0000"
    },
    "done": true
  },
  "minecraft:recipes/decorations/chest": {
    "criteria": {
      "has_lots_of_items": "2024-11-10 01:28:20 +0000"
    },
    "done": true
  },
  "minecraft:recipes/combat/golden_sword": {
    "criteria": {
      "has_gold_ingot": "2024-11-10 22:48:09 +0000"
    },
    "done": true
  },
  "securitycraft:recipes/securitycraft/reinforced_redstone_lamp": {
    "criteria": {
      "has_redstone": "2024-11-10 01:45:10 +0000"
    },
    "done": true
  },
  "minecraft:recipes/building_blocks/chiseled_stone_bricks_stone_from_stonecutting": {
    "criteria": {
      "has_stone": "2024-11-09 21:19:30 +0000"
    },
    "done": true
  },
  "minecraft:recipes/building_blocks/cobbled_deepslate_slab": {
    "criteria": {
      "has_cobbled_deepslate": "2024-11-10 22:31:51 +0000"
    },
    "done": true
  },
  "minecraft:recipes/transportation/mangrove_boat": {
    "criteria": {
      "in_water": "2024-11-10 01:26:39 +0000"
    },
    "done": true
  },
  "minecraft:recipes/tools/wooden_shovel": {
    "criteria": {
      "has_stick": "2024-11-09 21:19:06 +0000"
    },
    "done": true
  },
  "securitycraft:recipes/securitycraft/reinforced_black_stained_glass_pane_from_dye": {
    "criteria": {
      "has_glass": "2024-11-10 22:52:26 +0000"
    },
    "done": true
  },
  "minecraft:recipes/decorations/torch": {
    "criteria": {
      "has_stone_pickaxe": "2024-11-10 01:28:11 +0000"
    },
    "done": true
  },
  "securitycraft:recipes/securitycraft/reinforced_orange_stained_glass": {
    "criteria": {
      "has_glass": "2024-11-10 22:52:26 +0000"
    },
    "done": true
  },
  "minecraft:recipes/tools/shears": {
    "criteria": {
      "has_iron_ingot": "2024-11-10 01:45:09 +0000"
    },
    "done": true
  },
  "minecraft:recipes/misc/stick": {
    "criteria": {
      "has_planks": "2024-11-10 01:26:06 +0000"
    },
    "done": true
  },
  "cgm:recipes/cgm/specialised_grip": {
    "criteria": {
      "has_iron_ingot": "2024-11-10 21:53:33 +0000"
    },
    "done": true
  },
  "securitycraft:recipes/securitycraft/reinforced_orange_stained_glass_pane_from_glass": {
    "criteria": {
      "has_glass": "2024-11-10 22:52:26 +0000"
    },
    "done": true
  },
  "minecraft:recipes/building_blocks/stone_brick_slab_from_stone_stonecutting": {
    "criteria": {
      "has_stone": "2024-11-09 21:19:30 +0000"
    },
    "done": true
  },
  "minecraft:recipes/travelersbackpack/villager_smithing_iron": {
    "criteria": {
      "has_iron_tier_upgrade": "2024-11-10 23:03:36 +0000"
    },
    "done": true
  },
  "securitycraft:recipes/securitycraft/reinforced_light_blue_stained_glass": {
    "criteria": {
      "has_glass": "2024-11-10 22:52:26 +0000"
    },
    "done": true
  },
  "minecraft:recipes/redstone/dispenser": {
    "criteria": {
      "has_the_recipe": "2024-11-10 21:40:10 +0000"
    },
    "done": true
  },
  "minecraft:recipes/travelersbackpack/brown_sleeping_bag_from_white_sleeping_bag": {
    "criteria": {
      "has_sleeping_bag": "2024-11-10 22:52:16 +0000"
    },
    "done": true
  },
  "minecraft:recipes/building_blocks/smooth_quartz_slab_from_smooth_quartz_stonecutting": {
    "criteria": {
      "has_smooth_quartz": "2024-11-09 21:19:30 +0000"
    },
    "done": true
  },
  "securitycraft:recipes/securitycraft/electrified_iron_fence": {
    "criteria": {
      "has_iron": "2024-11-10 01:45:09 +0000"
    },
    "done": true
  },
  "minecraft:recipes/building_blocks/emerald_block": {
    "criteria": {
      "has_emerald": "2024-11-10 01:29:30 +0000"
    },
    "done": true
  },
  "minecraft:recipes/travelersbackpack/melon_smithing_iron": {
    "criteria": {
      "has_iron_tier_upgrade": "2024-11-10 23:03:36 +0000"
    },
    "done": true
  },
  "minecraft:recipes/travelersbackpack/redstone_smithing_iron": {
    "criteria": {
      "has_iron_tier_upgrade": "2024-11-10 23:03:36 +0000"
    },
    "done": true
  },
  "minecraft:recipes/combat/iron_leggings": {
    "criteria": {
      "has_iron_ingot": "2024-11-10 01:45:09 +0000"
    },
    "done": true
  },
  "mutantmonsters:root": {
    "criteria": {
      "killed_something": "2024-11-10 01:32:38 +0000"
    },
    "done": true
  },
  "minecraft:recipes/travelersbackpack/enderman_smithing_iron": {
    "criteria": {
      "has_iron_tier_upgrade": "2024-11-10 23:03:36 +0000"
    },
    "done": true
  },
  "minecraft:recipes/combat/shield": {
    "criteria": {
      "has_iron_ingot": "2024-11-10 01:45:09 +0000"
    },
    "done": true
  },
  "minecraft:recipes/building_blocks/cobblestone_slab": {
    "criteria": {
      "has_cobblestone": "2024-11-09 21:19:12 +0000"
    },
    "done": true
  },
  "ags_day_counter:tenth_day_advancement": {
    "criteria": {
      "tenth_day_advancement": "2024-11-10 03:02:56 +0000"
    },
    "done": true
  },
  "securitycraft:recipes/securitycraft/reinforced_white_stained_glass_pane_from_glass": {
    "criteria": {
      "has_glass": "2024-11-10 22:52:26 +0000"
    },
    "done": true
  },
  "securitycraft:recipes/securitycraft/secret_jungle_sign_item": {
    "criteria": {
      "has_sign": "2024-11-09 21:21:21 +0000"
    },
    "done": true
  },
  "minecraft:recipes/redstone/hopper": {
    "criteria": {
      "has_iron_ingot": "2024-11-10 01:45:09 +0000"
    },
    "done": true
  },
  "additionalguns:recipes/additionalguns/holo_scope": {
    "criteria": {
      "has_redstone": "2024-11-10 01:45:10 +0000"
    },
    "done": true
  },
  "minecraft:recipes/decorations/cobbled_deepslate_wall_from_cobbled_deepslate_stonecutting": {
    "criteria": {
      "has_cobbled_deepslate": "2024-11-10 22:31:51 +0000"
    },
    "done": true
  },
  "minecraft:recipes/building_blocks/coarse_dirt": {
    "criteria": {
      "has_gravel": "2024-11-09 21:33:42 +0000"
    },
    "done": true
  },
  "securitycraft:recipes/securitycraft/taser": {
    "criteria": {
      "has_redstone": "2024-11-10 01:45:10 +0000"
    },
    "done": true
  },
  "minecraft:recipes/building_blocks/dripstone_block": {
    "criteria": {
      "has_pointed_dripstone": "2024-11-10 02:17:29 +0000"
    },
    "done": true
  },
  "minecraft:recipes/travelersbackpack/cyan_sleeping_bag_from_white_sleeping_bag": {
    "criteria": {
      "has_sleeping_bag": "2024-11-10 22:52:16 +0000"
    },
    "done": true
  },
  "securitycraft:recipes/securitycraft/secret_spruce_sign_item": {
    "criteria": {
      "has_sign": "2024-11-09 21:21:21 +0000"
    },
    "done": true
  },
  "securitycraft:recipes/securitycraft/reinforced_red_stained_glass": {
    "criteria": {
      "has_glass": "2024-11-10 22:52:26 +0000"
    },
    "done": true
  },
  "minecraft:recipes/building_blocks/deepslate_tile_stairs_from_cobbled_deepslate_stonecutting": {
    "criteria": {
      "has_cobbled_deepslate": "2024-11-10 22:31:51 +0000"
    },
    "done": true
  },
  "minecraft:recipes/building_blocks/light_gray_concrete_powder": {
    "criteria": {
      "has_gravel": "2024-11-09 21:33:42 +0000"
    },
    "done": true
  },
  "minecraft:recipes/travelersbackpack/end_smithing_iron": {
    "criteria": {
      "has_iron_tier_upgrade": "2024-11-10 23:03:36 +0000"
    },
    "done": true
  },
  "securitycraft:recipes/securitycraft/reinforced_lime_stained_glass": {
    "criteria": {
      "has_glass": "2024-11-10 22:52:26 +0000"
    },
    "done": true
  },
  "minecraft:recipes/misc/gold_ingot_from_smelting_raw_gold": {
    "criteria": {
      "has_raw_gold": "2024-11-10 22:35:52 +0000"
    },
    "done": true
  },
  "minecraft:recipes/combat/leather_leggings": {
    "criteria": {
      "has_leather": "2024-11-10 02:47:17 +0000"
    },
    "done": true
  },
  "securitycraft:recipes/securitycraft/reinforced_blue_stained_glass_pane_from_glass": {
    "criteria": {
      "has_glass": "2024-11-10 22:52:26 +0000"
    },
    "done": true
  },
  "minecraft:recipes/travelersbackpack/sandstone_smithing_iron": {
    "criteria": {
      "has_iron_tier_upgrade": "2024-11-10 23:03:36 +0000"
    },
    "done": true
  },
  "minecraft:recipes/building_blocks/pink_concrete_powder": {
    "criteria": {
      "has_gravel": "2024-11-09 21:33:42 +0000"
    },
    "done": true
  },
  "securitycraft:recipes/securitycraft/security_camera": {
    "criteria": {
      "has_iron": "2024-11-10 01:45:09 +0000"
    },
    "done": true
  },
  "securitycraft:recipes/securitycraft/door_indestructible_iron_item": {
    "criteria": {
      "has_iron": "2024-11-10 01:45:09 +0000"
    },
    "done": true
  },
  "additionalguns:recipes/additionalguns/bullet_heavy": {
    "criteria": {
      "has_gunpowder": "2024-11-10 01:32:40 +0000"
    },
    "done": true
  },
  "cgm:recipes/cgm/light_stock": {
    "criteria": {
      "has_iron_ingot": "2024-11-10 21:53:33 +0000"
    },
    "done": true
  },
  "minecraft:recipes/building_blocks/yellow_stained_glass": {
    "criteria": {
      "has_glass": "2024-11-10 22:52:26 +0000"
    },
    "done": true
  },
  "minecraft:recipes/building_blocks/stone_stairs_from_stone_stonecutting": {
    "criteria": {
      "has_stone": "2024-11-09 21:19:30 +0000"
    },
    "done": true
  },
  "securitycraft:recipes/securitycraft/reinforced_white_stained_glass_pane_from_dye": {
    "criteria": {
      "has_glass": "2024-11-10 22:52:26 +0000"
    },
    "done": true
  },
  "cgm:recipes/cgm/grenade": {
    "criteria": {
      "has_gunpowder": "2024-11-10 01:32:40 +0000"
    },
    "done": true
  },
  "minecraft:recipes/decorations/iron_bars": {
    "criteria": {
      "has_iron_ingot": "2024-11-10 01:45:09 +0000"
    },
    "done": true
  },
  "additionalguns:recipes/additionalguns/bullet_medium": {
    "criteria": {
      "has_gunpowder": "2024-11-10 01:32:40 +0000"
    },
    "done": true
  },
  "cgm:recipes/cgm/medium_scope": {
    "criteria": {
      "has_redstone": "2024-11-10 01:45:10 +0000"
    },
    "done": true
  },
  "minecraft:recipes/building_blocks/blue_wool": {
    "criteria": {
      "has_white_wool": "2024-11-10 02:47:17 +0000"
    },
    "done": true
  },
  "minecraft:recipes/building_blocks/gold_block": {
    "criteria": {
      "has_gold_ingot": "2024-11-10 22:48:09 +0000"
    },
    "done": true
  },
  "additionalguns:recipes/additionalguns/aks74u": {
    "criteria": {
      "has_planks": "2024-11-10 01:26:06 +0000"
    },
    "done": true
  },
  "securitycraft:recipes/securitycraft/portable_radar": {
    "criteria": {
      "has_redstone": "2024-11-10 01:45:10 +0000"
    },
    "done": true
  },
  "minecraft:recipes/misc/copper_ingot": {
    "criteria": {
      "has_copper_block": "2024-11-10 02:13:31 +0000"
    },
    "done": true
  },
  "minecraft:recipes/redstone/comparator": {
    "criteria": {
      "has_quartz": "2024-11-10 22:39:03 +0000"
    },
    "done": true
  },
  "minecraft:recipes/decorations/deepslate_brick_wall_from_cobbled_deepslate_stonecutting": {
    "criteria": {
      "has_cobbled_deepslate": "2024-11-10 22:31:51 +0000"
    },
    "done": true
  },
  "minecraft:recipes/brewing/cauldron": {
    "criteria": {
      "has_water_bucket": "2024-11-09 21:18:53 +0000"
    },
    "done": true
  },
  "minecraft:recipes/transportation/chest_minecart": {
    "criteria": {
      "has_minecart": "2024-11-08 00:54:12 +0000"
    },
    "done": true
  },
  "minecraft:recipes/combat/diamond_leggings": {
    "criteria": {
      "has_diamond": "2024-11-10 22:39:19 +0000"
    },
    "done": true
  },
  "minecraft:adventure/sleep_in_bed": {
    "criteria": {
      "slept_in_bed": "2024-11-10 01:36:14 +0000"
    },
    "done": true
  },
  "minecraft:recipes/building_blocks/red_stained_glass": {
    "criteria": {
      "has_glass": "2024-11-10 22:52:26 +0000"
    },
    "done": true
  },
  "minecraft:recipes/building_blocks/sandstone": {
    "criteria": {
      "has_sand": "2024-11-10 22:48:38 +0000"
    },
    "done": true
  },
  "additionalguns:recipes/additionalguns/ace_of_spades": {
    "criteria": {
      "has_iron_ingot": "2024-11-10 01:45:09 +0000"
    },
    "done": true
  },
  "minecraft:story/lava_bucket": {
    "criteria": {
      "lava_bucket": "2024-11-10 01:23:10 +0000"
    },
    "done": true
  },
  "minecraft:recipes/building_blocks/cobblestone_slab_from_cobblestone_stonecutting": {
    "criteria": {
      "has_cobblestone": "2024-11-09 21:19:12 +0000"
    },
    "done": true
  },
  "minecraft:recipes/travelersbackpack/orange_sleeping_bag_from_white_sleeping_bag": {
    "criteria": {
      "has_sleeping_bag": "2024-11-10 22:52:16 +0000"
    },
    "done": true
  },
  "cgm:recipes/cgm/silencer": {
    "criteria": {
      "has_iron_ingot": "2024-11-10 21:53:33 +0000"
    },
    "done": true
  },
  "minecraft:recipes/building_blocks/oak_stairs": {
    "criteria": {
      "has_planks": "2024-11-10 01:26:06 +0000"
    },
    "done": true
  },
  "minecraft:recipes/building_blocks/quartz_stairs": {
    "criteria": {
      "has_quartz_block": "2024-11-10 02:47:17 +0000"
    },
    "done": true
  },
  "securitycraft:recipes/securitycraft/reinforced_purple_stained_glass_pane_from_glass": {
    "criteria": {
      "has_glass": "2024-11-10 22:52:26 +0000"
    },
    "done": true
  },
  "minecraft:recipes/transportation/acacia_boat": {
    "criteria": {
      "in_water": "2024-11-10 01:26:39 +0000"
    },
    "done": true
  },
  "minecraft:recipes/misc/copper_ingot_from_blasting_raw_copper": {
    "criteria": {
      "has_raw_copper": "2024-11-10 01:33:45 +0000"
    },
    "done": true
  },
  "minecraft:recipes/redstone/iron_trapdoor": {
    "criteria": {
      "has_iron_ingot": "2024-11-10 01:45:09 +0000"
    },
    "done": true
  },
  "minecraft:recipes/building_blocks/smooth_quartz_slab": {
    "criteria": {
      "has_smooth_quartz": "2024-11-09 21:19:30 +0000"
    },
    "done": true
  },
  "minecraft:adventure/root": {
    "criteria": {
      "killed_something": "2024-11-10 01:32:38 +0000"
    },
    "done": true
  },
  "securitycraft:recipes/securitycraft/reinforced_magenta_stained_glass_pane_from_glass": {
    "criteria": {
      "has_glass": "2024-11-10 22:52:26 +0000"
    },
    "done": true
  },
  "minecraft:recipes/decorations/black_bed": {
    "criteria": {
      "has_black_wool": "2024-11-10 22:51:54 +0000"
    },
    "done": true
  },
  "additionalguns:recipes/additionalguns/m1911": {
    "criteria": {
      "has_iron_ingot": "2024-11-10 01:45:09 +0000"
    },
    "done": true
  },
  "additionalguns:recipes/additionalguns/ak74m": {
    "criteria": {
      "has_iron_ingot": "2024-11-10 01:45:09 +0000"
    },
    "done": true
  },
  "securitycraft:recipes/securitycraft/storage_module": {
    "criteria": {
      "has_iron": "2024-11-10 01:45:09 +0000"
    },
    "done": true
  },
  "minecraft:recipes/building_blocks/white_concrete_powder": {
    "criteria": {
      "has_gravel": "2024-11-09 21:33:42 +0000"
    },
    "done": true
  },
  "minecraft:recipes/building_blocks/stone_brick_stairs_from_stone_stonecutting": {
    "criteria": {
      "has_stone": "2024-11-09 21:19:30 +0000"
    },
    "done": true
  },
  "minecraft:recipes/building_blocks/white_wool_from_string": {
    "criteria": {
      "has_string": "2024-11-10 02:47:17 +0000"
    },
    "done": true
  },
  "minecraft:recipes/tools/diamond_pickaxe": {
    "criteria": {
      "has_diamond": "2024-11-10 22:39:19 +0000"
    },
    "done": true
  },
  "minecraft:recipes/travelersbackpack/ocelot_smithing_iron": {
    "criteria": {
      "has_iron_tier_upgrade": "2024-11-10 23:03:36 +0000"
    },
    "done": true
  },
  "minecraft:recipes/redstone/lightning_rod": {
    "criteria": {
      "has_copper_ingot": "2024-11-10 01:42:41 +0000"
    },
    "done": true
  },
  "minecraft:adventure/kill_all_mobs": {
    "criteria": {
      "minecraft:spider": "2024-11-10 03:29:28 +0000",
      "minecraft:creeper": "2024-11-10 01:32:38 +0000",
      "minecraft:zombie": "2024-11-10 01:32:48 +0000"
    },
    "done": false
  },
  "minecraft:recipes/building_blocks/chiseled_quartz_block_from_quartz_block_stonecutting": {
    "criteria": {
      "has_quartz_block": "2024-11-10 02:47:17 +0000"
    },
    "done": true
  },
  "minecraft:recipes/travelersbackpack/yellow_sleeping_bag_from_white_sleeping_bag": {
    "criteria": {
      "has_sleeping_bag": "2024-11-10 22:52:16 +0000"
    },
    "done": true
  },
  "minecraft:recipes/redstone/redstone_block": {
    "criteria": {
      "has_redstone": "2024-11-10 01:45:10 +0000"
    },
    "done": true
  },
  "minecraft:recipes/building_blocks/polished_deepslate_from_cobbled_deepslate_stonecutting": {
    "criteria": {
      "has_cobbled_deepslate": "2024-11-10 22:31:51 +0000"
    },
    "done": true
  },
  "minecraft:recipes/decorations/stone_brick_wall": {
    "criteria": {
      "has_stone_bricks": "2024-11-08 01:02:29 +0000"
    },
    "done": true
  },
  "minecraft:recipes/food/cooked_beef_from_smoking": {
    "criteria": {
      "has_beef": "2024-11-10 02:05:59 +0000"
    },
    "done": true
  },
  "minecraft:recipes/decorations/fletching_table": {
    "criteria": {
      "has_flint": "2024-11-10 02:47:17 +0000"
    },
    "done": true
  },
  "additionalguns:recipes/additionalguns/9a91": {
    "criteria": {
      "has_iron_ingot": "2024-11-10 01:45:09 +0000"
    },
    "done": true
  },
  "minecraft:recipes/building_blocks/lime_stained_glass": {
    "criteria": {
      "has_glass": "2024-11-10 22:52:26 +0000"
    },
    "done": true
  },
  "securitycraft:recipes/securitycraft/reinforced_cyan_stained_glass_pane_from_dye": {
    "criteria": {
      "has_glass": "2024-11-10 22:52:26 +0000"
    },
    "done": true
  },
  "minecraft:recipes/building_blocks/waxed_weathered_copper_from_honeycomb": {
    "criteria": {
      "has_weathered_copper": "2024-11-10 02:08:49 +0000"
    },
    "done": true
  },
  "minecraft:recipes/misc/iron_nugget_from_smelting": {
    "criteria": {
      "has_iron_pickaxe": "2024-11-10 20:55:27 +0000"
    },
    "done": true
  },
  "minecraft:recipes/travelersbackpack/chicken_smithing_iron": {
    "criteria": {
      "has_iron_tier_upgrade": "2024-11-10 23:03:36 +0000"
    },
    "done": true
  },
  "minecraft:recipes/food/cooked_mutton_from_smoking": {
    "criteria": {
      "has_mutton": "2024-11-10 02:47:17 +0000"
    },
    "done": true
  },
  "cgm:recipes/cgm/tactical_stock": {
    "criteria": {
      "has_iron_ingot": "2024-11-10 21:53:33 +0000"
    },
    "done": true
  },
  "minecraft:recipes/building_blocks/polished_deepslate_slab_from_cobbled_deepslate_stonecutting": {
    "criteria": {
      "has_cobbled_deepslate": "2024-11-10 22:31:51 +0000"
    },
    "done": true
  },
  "additionalguns:recipes/additionalguns/angled_grip": {
    "criteria": {
      "has_iron_ingot": "2024-11-10 01:45:09 +0000"
    },
    "done": true
  },
  "minecraft:recipes/travelersbackpack/gold_smithing_iron": {
    "criteria": {
      "has_iron_tier_upgrade": "2024-11-10 23:03:36 +0000"
    },
    "done": true
  },
  "minecraft:recipes/building_blocks/quartz_pillar_from_quartz_block_stonecutting": {
    "criteria": {
      "has_quartz_block": "2024-11-10 02:47:17 +0000"
    },
    "done": true
  },
  "cgm:recipes/cgm/stun_grenade": {
    "criteria": {
      "has_gunpowder": "2024-11-10 01:32:40 +0000"
    },
    "done": true
  },
  "minecraft:recipes/decorations/chain": {
    "criteria": {
      "has_iron_ingot": "2024-11-10 01:45:09 +0000"
    },
    "done": true
  },
  "minecraft:recipes/building_blocks/exposed_cut_copper_slab_from_exposed_copper_stonecutting": {
    "criteria": {
      "has_exposed_copper": "2024-11-10 02:08:25 +0000"
    },
    "done": true
  },
  "minecraft:recipes/building_blocks/smooth_quartz": {
    "criteria": {
      "has_quartz_block": "2024-11-10 02:47:17 +0000"
    },
    "done": true
  },
  "additionalguns:recipes/additionalguns/g11": {
    "criteria": {
      "has_iron_ingot": "2024-11-10 01:45:09 +0000"
    },
    "done": true
  },
  "minecraft:recipes/travelersbackpack/nether_smithing_iron": {
    "criteria": {
      "has_iron_tier_upgrade": "2024-11-10 23:03:36 +0000"
    },
    "done": true
  },
  "minecraft:recipes/decorations/oak_fence": {
    "criteria": {
      "has_planks": "2024-11-10 01:26:06 +0000"
    },
    "done": true
  },
  "securitycraft:recipes/securitycraft/reinforced_light_gray_stained_glass_pane_from_glass": {
    "criteria": {
      "has_glass": "2024-11-10 22:52:26 +0000"
    },
    "done": true
  },
  "securitycraft:recipes/securitycraft/reinforced_yellow_stained_glass_pane_from_glass": {
    "criteria": {
      "has_glass": "2024-11-10 22:52:26 +0000"
    },
    "done": true
  },
  "securitycraft:recipes/securitycraft/universal_block_modifier": {
    "criteria": {
      "has_redstone": "2024-11-10 01:45:10 +0000"
    },
    "done": true
  },
  "minecraft:recipes/building_blocks/light_blue_stained_glass": {
    "criteria": {
      "has_glass": "2024-11-10 22:52:26 +0000"
    },
    "done": true
  },
  "minecraft:recipes/building_blocks/orange_concrete_powder": {
    "criteria": {
      "has_gravel": "2024-11-09 21:33:42 +0000"
    },
    "done": true
  },
  "minecraft:recipes/food/baked_potato_from_campfire_cooking": {
    "criteria": {
      "has_potato": "2024-11-10 01:28:45 +0000"
    },
    "done": true
  },
  "minecraft:recipes/food/cooked_porkchop": {
    "criteria": {
      "has_porkchop": "2024-11-10 02:47:17 +0000"
    },
    "done": true
  },
  "minecraft:recipes/building_blocks/oak_slab": {
    "criteria": {
      "has_planks": "2024-11-10 01:26:06 +0000"
    },
    "done": true
  },
  "minecraft:recipes/building_blocks/weathered_cut_copper_from_weathered_copper_stonecutting": {
    "criteria": {
      "has_weathered_copper": "2024-11-10 02:08:49 +0000"
    },
    "done": true
  },
  "cgm:recipes/cgm/mini_gun": {
    "criteria": {
      "has_iron_ingot": "2024-11-10 01:45:09 +0000"
    },
    "done": true
  },
  "additionalguns:recipes/additionalguns/casing_small": {
    "criteria": {
      "has_iron_nugget": "2024-11-10 21:53:33 +0000"
    },
    "done": true
  },
  "securitycraft:recipes/securitycraft/reinforced_gray_stained_glass": {
    "criteria": {
      "has_glass": "2024-11-10 22:52:26 +0000"
    },
    "done": true
  },
  "additionalguns:recipes/additionalguns/casing_short": {
    "criteria": {
      "has_iron_nugget": "2024-11-10 21:53:33 +0000"
    },
    "done": true
  },
  "minecraft:recipes/building_blocks/raw_copper_block": {
    "criteria": {
      "has_raw_copper": "2024-11-10 01:33:45 +0000"
    },
    "done": true
  },
  "minecraft:recipes/food/cooked_porkchop_from_campfire_cooking": {
    "criteria": {
      "has_porkchop": "2024-11-10 02:47:17 +0000"
    },
    "done": true
  },
  "securitycraft:recipes/securitycraft/secret_warped_sign_item": {
    "criteria": {
      "has_sign": "2024-11-09 21:21:21 +0000"
    },
    "done": true
  },
  "minecraft:recipes/building_blocks/black_wool": {
    "criteria": {
      "has_white_wool": "2024-11-10 02:47:17 +0000"
    },
    "done": true
  },
  "minecraft:recipes/travelersbackpack/lapis_smithing_iron": {
    "criteria": {
      "has_iron_tier_upgrade": "2024-11-10 23:03:36 +0000"
    },
    "done": true
  },
  "minecraft:recipes/combat/golden_chestplate": {
    "criteria": {
      "has_gold_ingot": "2024-11-10 22:48:09 +0000"
    },
    "done": true
  },
  "minecraft:husbandry/make_a_sign_glow": {
    "criteria": {
      "make_a_sign_glow": "2024-11-09 21:22:20 +0000"
    },
    "done": true
  },
  "minecraft:recipes/decorations/deepslate_tile_wall_from_cobbled_deepslate_stonecutting": {
    "criteria": {
      "has_cobbled_deepslate": "2024-11-10 22:31:51 +0000"
    },
    "done": true
  },
  "minecraft:recipes/misc/iron_ingot_from_blasting_raw_iron": {
    "criteria": {
      "has_raw_iron": "2024-11-10 03:00:39 +0000"
    },
    "done": true
  },
  "minecraft:recipes/building_blocks/diorite_stairs_from_diorite_stonecutting": {
    "criteria": {
      "has_diorite": "2024-11-10 02:47:17 +0000"
    },
    "done": true
  },
  "minecraft:recipes/brewing/glass_bottle": {
    "criteria": {
      "has_glass": "2024-11-10 22:52:26 +0000"
    },
    "done": true
  },
  "securitycraft:recipes/securitycraft/universal_key_changer": {
    "criteria": {
      "has_redstone": "2024-11-10 01:45:10 +0000"
    },
    "done": true
  },
  "minecraft:recipes/travelersbackpack/iron_smithing_iron": {
    "criteria": {
      "has_iron_tier_upgrade": "2024-11-10 23:03:36 +0000"
    },
    "done": true
  },
  "minecraft:recipes/decorations/moss_carpet": {
    "criteria": {
      "has_moss_block": "2024-11-10 22:12:59 +0000"
    },
    "done": true
  },
  "minecraft:recipes/building_blocks/iron_block": {
    "criteria": {
      "has_iron_ingot": "2024-11-10 01:45:09 +0000"
    },
    "done": true
  },
  "minecraft:recipes/travelersbackpack/light_blue_sleeping_bag_from_white_sleeping_bag": {
    "criteria": {
      "has_sleeping_bag": "2024-11-10 22:52:16 +0000"
    },
    "done": true
  },
  "minecraft:recipes/building_blocks/quartz_slab": {
    "criteria": {
      "has_quartz_block": "2024-11-10 02:47:17 +0000"
    },
    "done": true
  },
  "minecraft:recipes/misc/red_dye_from_poppy": {
    "criteria": {
      "has_poppy": "2024-11-10 01:48:15 +0000"
    },
    "done": true
  },
  "securitycraft:recipes/securitycraft/reinforced_black_stained_glass_pane_from_glass": {
    "criteria": {
      "has_glass": "2024-11-10 22:52:26 +0000"
    },
    "done": true
  },
  "minecraft:recipes/misc/yellow_dye_from_dandelion": {
    "criteria": {
      "has_dandelion": "2024-11-10 01:28:45 +0000"
    },
    "done": true
  },
  "minecraft:recipes/building_blocks/green_stained_glass": {
    "criteria": {
      "has_glass": "2024-11-10 22:52:26 +0000"
    },
    "done": true
  },
  "securitycraft:recipes/securitycraft/username_logger": {
    "criteria": {
      "has_redstone": "2024-11-10 01:45:10 +0000"
    },
    "done": true
  },
  "minecraft:recipes/building_blocks/light_blue_wool": {
    "criteria": {
      "has_white_wool": "2024-11-10 02:47:17 +0000"
    },
    "done": true
  },
  "additionalguns:recipes/additionalguns/basic_stock": {
    "criteria": {
      "has_iron_nugget": "2024-11-10 21:53:33 +0000"
    },
    "done": true
  },
  "minecraft:recipes/combat/wooden_sword": {
    "criteria": {
      "has_stick": "2024-11-09 21:19:06 +0000"
    },
    "done": true
  },
  "minecraft:recipes/building_blocks/oak_planks": {
    "criteria": {
      "has_logs": "2024-11-10 01:26:03 +0000"
    },
    "done": true
  },
  "minecraft:recipes/building_blocks/gray_concrete_powder": {
    "criteria": {
      "has_gravel": "2024-11-09 21:33:42 +0000"
    },
    "done": true
  },
  "securitycraft:recipes/securitycraft/cage_trap": {
    "criteria": {
      "has_redstone": "2024-11-10 01:45:10 +0000"
    },
    "done": true
  },
  "additionalguns:recipes/additionalguns/sniper_muzzle_brake": {
    "criteria": {
      "has_iron_nugget": "2024-11-10 21:53:33 +0000"
    },
    "done": true
  },
  "securitycraft:recipes/securitycraft/smart_module": {
    "criteria": {
      "has_iron": "2024-11-10 01:45:09 +0000"
    },
    "done": true
  },
  "securitycraft:recipes/securitycraft/reinforced_mossy_cobblestone_from_vanilla_moss": {
    "criteria": {
      "has_moss": "2024-11-10 22:12:59 +0000"
    },
    "done": true
  },
  "securitycraft:recipes/securitycraft/reinforced_observer": {
    "criteria": {
      "has_quartz": "2024-11-10 22:39:03 +0000"
    },
    "done": true
  },
  "cgm:recipes/cgm/assault_rifle": {
    "criteria": {
      "has_iron_ingot": "2024-11-10 01:45:09 +0000"
    },
    "done": true
  },
  "minecraft:recipes/travelersbackpack/sponge_smithing_iron": {
    "criteria": {
      "has_iron_tier_upgrade": "2024-11-10 23:03:36 +0000"
    },
    "done": true
  },
  "minecraft:recipes/tools/golden_axe": {
    "criteria": {
      "has_gold_ingot": "2024-11-10 22:48:09 +0000"
    },
    "done": true
  },
  "securitycraft:recipes/securitycraft/block_change_detector": {
    "criteria": {
      "has_iron": "2024-11-10 01:45:09 +0000"
    },
    "done": true
  },
  "minecraft:recipes/tools/iron_axe": {
    "criteria": {
      "has_iron_ingot": "2024-11-10 01:45:09 +0000"
    },
    "done": true
  },
  "minecraft:recipes/travelersbackpack/wither_smithing_iron": {
    "criteria": {
      "has_iron_tier_upgrade": "2024-11-10 23:03:36 +0000"
    },
    "done": true
  },
  "cgm:recipes/cgm/basic_bullet": {
    "criteria": {
      "has_gunpowder": "2024-11-10 01:32:40 +0000"
    },
    "done": true
  },
  "minecraft:recipes/decorations/black_banner": {
    "criteria": {
      "has_black_wool": "2024-11-10 22:51:54 +0000"
    },
    "done": true
  },
  "minecraft:recipes/travelersbackpack/pumpkin_smithing_iron": {
    "criteria": {
      "has_iron_tier_upgrade": "2024-11-10 23:03:36 +0000"
    },
    "done": true
  },
  "minecraft:recipes/building_blocks/quartz_slab_from_stonecutting": {
    "criteria": {
      "has_quartz_block": "2024-11-10 02:47:17 +0000"
    },
    "done": true
  },
  "minecraft:recipes/redstone/tripwire_hook": {
    "criteria": {
      "has_string": "2024-11-10 02:47:17 +0000"
    },
    "done": true
  },
  "minecraft:recipes/building_blocks/raw_gold_block": {
    "criteria": {
      "has_raw_gold": "2024-11-10 22:35:52 +0000"
    },
    "done": true
  },
  "minecraft:recipes/combat/iron_boots": {
    "criteria": {
      "has_iron_ingot": "2024-11-10 01:45:09 +0000"
    },
    "done": true
  },
  "minecraft:recipes/misc/bone_meal": {
    "criteria": {
      "has_bone": "2024-11-09 21:20:49 +0000"
    },
    "done": true
  },
  "minecraft:recipes/building_blocks/chiseled_quartz_block": {
    "criteria": {
      "has_quartz_block": "2024-11-10 02:47:17 +0000"
    },
    "done": true
  },
  "minecraft:recipes/building_blocks/black_concrete_powder": {
    "criteria": {
      "has_gravel": "2024-11-09 21:33:42 +0000"
    },
    "done": true
  },
  "minecraft:story/iron_tools": {
    "criteria": {
      "iron_pickaxe": "2024-11-10 20:55:27 +0000"
    },
    "done": true
  },
  "additionalguns:recipes/additionalguns/bullet_short": {
    "criteria": {
      "has_gunpowder": "2024-11-10 01:32:40 +0000"
    },
    "done": true
  },
  "minecraft:recipes/travelersbackpack/gray_sleeping_bag_from_white_sleeping_bag": {
    "criteria": {
      "has_sleeping_bag": "2024-11-10 22:52:16 +0000"
    },
    "done": true
  },
  "minecraft:recipes/redstone/stone_button": {
    "criteria": {
      "has_stone": "2024-11-09 21:19:30 +0000"
    },
    "done": true
  },
  "minecraft:recipes/combat/crossbow": {
    "criteria": {
      "has_stick": "2024-11-09 21:19:06 +0000"
    },
    "done": true
  },
  "minecraft:recipes/combat/iron_chestplate": {
    "criteria": {
      "has_iron_ingot": "2024-11-10 01:45:09 +0000"
    },
    "done": true
  },
  "minecraft:recipes/decorations/cobbled_deepslate_wall": {
    "criteria": {
      "has_cobbled_deepslate": "2024-11-10 22:31:51 +0000"
    },
    "done": true
  },
  "minecraft:recipes/building_blocks/yellow_wool": {
    "criteria": {
      "has_white_wool": "2024-11-10 02:47:17 +0000"
    },
    "done": true
  },
  "minecraft:recipes/decorations/oak_sign": {
    "criteria": {
      "has_planks": "2024-11-10 01:26:06 +0000"
    },
    "done": true
  },
  "minecraft:recipes/food/cooked_porkchop_from_smoking": {
    "criteria": {
      "has_porkchop": "2024-11-10 02:47:17 +0000"
    },
    "done": true
  },
  "minecraft:recipes/redstone/oak_trapdoor": {
    "criteria": {
      "has_planks": "2024-11-10 01:26:06 +0000"
    },
    "done": true
  },
  "minecraft:recipes/building_blocks/polished_diorite_from_diorite_stonecutting": {
    "criteria": {
      "has_diorite": "2024-11-10 02:47:17 +0000"
    },
    "done": true
  },
  "minecraft:recipes/travelersbackpack/standard_smithing_iron": {
    "criteria": {
      "has_iron_tier_upgrade": "2024-11-10 23:03:36 +0000"
    },
    "done": true
  },
  "additionalguns:recipes/additionalguns/python": {
    "criteria": {
      "has_planks": "2024-11-10 01:26:06 +0000"
    },
    "done": true
  },
  "minecraft:recipes/building_blocks/red_concrete_powder": {
    "criteria": {
      "has_gravel": "2024-11-09 21:33:42 +0000"
    },
    "done": true
  },
  "securitycraft:recipes/securitycraft/portable_tune_player": {
    "criteria": {
      "has_redstone": "2024-11-10 01:45:10 +0000"
    },
    "done": true
  },
  "minecraft:recipes/misc/iron_nugget_from_blasting": {
    "criteria": {
      "has_iron_pickaxe": "2024-11-10 20:55:27 +0000"
    },
    "done": true
  },
  "securitycraft:recipes/securitycraft/reinforced_blue_stained_glass": {
    "criteria": {
      "has_glass": "2024-11-10 22:52:26 +0000"
    },
    "done": true
  },
  "minecraft:recipes/decorations/polished_deepslate_wall_from_cobbled_deepslate_stonecutting": {
    "criteria": {
      "has_cobbled_deepslate": "2024-11-10 22:31:51 +0000"
    },
    "done": true
  },
  "securitycraft:recipes/securitycraft/reinforced_diorite": {
    "criteria": {
      "has_cobblestone": "2024-11-09 21:19:12 +0000"
    },
    "done": true
  },
  "securitycraft:recipes/securitycraft/trophy_system": {
    "criteria": {
      "has_iron": "2024-11-10 01:45:09 +0000"
    },
    "done": true
  },
  "securitycraft:recipes/securitycraft/reinforced_brown_stained_glass": {
    "criteria": {
      "has_glass": "2024-11-10 22:52:26 +0000"
    },
    "done": true
  },
  "minecraft:adventure/kill_a_mob": {
    "criteria": {
      "minecraft:creeper": "2024-11-10 01:32:38 +0000"
    },
    "done": true
  },
  "securitycraft:recipes/securitycraft/camera_monitor": {
    "criteria": {
      "has_iron": "2024-11-10 01:45:09 +0000"
    },
    "done": true
  },
  "minecraft:recipes/tools/golden_pickaxe": {
    "criteria": {
      "has_gold_ingot": "2024-11-10 22:48:09 +0000"
    },
    "done": true
  },
  "securitycraft:recipes/securitycraft/reinforced_orange_stained_glass_pane_from_dye": {
    "criteria": {
      "has_glass": "2024-11-10 22:52:26 +0000"
    },
    "done": true
  },
  "minecraft:recipes/decorations/diorite_wall": {
    "criteria": {
      "has_diorite": "2024-11-10 02:47:17 +0000"
    },
    "done": true
  },
  "securitycraft:recipes/securitycraft/limited_use_keycard": {
    "criteria": {
      "has_iron": "2024-11-10 01:45:09 +0000"
    },
    "done": true
  },
  "minecraft:recipes/building_blocks/stone": {
    "criteria": {
      "has_cobblestone": "2024-11-09 21:19:12 +0000"
    },
    "done": true
  },
  "minecraft:recipes/building_blocks/deepslate_bricks_from_cobbled_deepslate_stonecutting": {
    "criteria": {
      "has_cobbled_deepslate": "2024-11-10 22:31:51 +0000"
    },
    "done": true
  },
  "minecraft:recipes/decorations/stonecutter": {
    "criteria": {
      "has_stone": "2024-11-09 21:19:30 +0000"
    },
    "done": true
  },
  "cgm:recipes/cgm/missile": {
    "criteria": {
      "has_gunpowder": "2024-11-10 01:32:40 +0000"
    },
    "done": true
  },
  "minecraft:adventure/adventuring_time": {
    "criteria": {
      "minecraft:deep_ocean": "2024-11-10 22:50:49 +0000",
      "minecraft:frozen_river": "2024-11-08 00:47:43 +0000",
      "minecraft:beach": "2024-11-09 21:27:45 +0000",
      "minecraft:stony_peaks": "2024-11-09 21:18:35 +0000",
      "minecraft:river": "2024-11-08 00:39:11 +0000",
      "minecraft:snowy_plains": "2024-11-08 00:39:46 +0000",
      "minecraft:dripstone_caves": "2024-11-08 00:34:59 +0000",
      "minecraft:snowy_taiga": "2024-11-08 00:44:50 +0000",
      "minecraft:forest": "2024-11-08 00:39:13 +0000",
      "minecraft:ice_spikes": "2024-11-08 00:47:55 +0000",
      "minecraft:frozen_ocean": "2024-11-09 21:26:15 +0000",
      "minecraft:jungle": "2024-11-09 21:17:51 +0000",
      "minecraft:meadow": "2024-11-08 00:38:47 +0000",
      "minecraft:savanna": "2024-11-09 21:30:44 +0000",
      "minecraft:plains": "2024-11-08 00:37:44 +0000"
    },
    "done": false
  },
  "minecraft:recipes/building_blocks/deepslate_brick_stairs_from_cobbled_deepslate_stonecutting": {
    "criteria": {
      "has_cobbled_deepslate": "2024-11-10 22:31:51 +0000"
    },
    "done": true
  },
  "securitycraft:recipes/securitycraft/whitelist_module": {
    "criteria": {
      "has_iron": "2024-11-10 01:45:09 +0000"
    },
    "done": true
  },
  "minecraft:recipes/combat/stone_sword": {
    "criteria": {
      "has_cobblestone": "2024-11-09 21:19:12 +0000"
    },
    "done": true
  },
  "minecraft:recipes/decorations/cobblestone_wall": {
    "criteria": {
      "has_cobblestone": "2024-11-09 21:19:12 +0000"
    },
    "done": true
  },
  "minecraft:recipes/decorations/barrel": {
    "criteria": {
      "has_planks": "2024-11-10 01:26:06 +0000"
    },
    "done": true
  },
  "cgm:recipes/cgm/grenade_launcher": {
    "criteria": {
      "has_iron_ingot": "2024-11-10 01:45:09 +0000"
    },
    "done": true
  },
  "minecraft:recipes/misc/iron_ingot_from_smelting_raw_iron": {
    "criteria": {
      "has_raw_iron": "2024-11-10 03:00:39 +0000"
    },
    "done": true
  },
  "minecraft:recipes/brewing/fermented_spider_eye": {
    "criteria": {
      "has_spider_eye": "2024-11-10 22:05:19 +0000"
    },
    "done": true
  },
  "minecraft:recipes/tools/stone_pickaxe": {
    "criteria": {
      "has_cobblestone": "2024-11-09 21:19:12 +0000"
    },
    "done": true
  },
  "minecraft:recipes/travelersbackpack/spider_smithing_iron": {
    "criteria": {
      "has_iron_tier_upgrade": "2024-11-10 23:03:36 +0000"
    },
    "done": true
  },
  "minecraft:recipes/decorations/smithing_table": {
    "criteria": {
      "has_iron_ingot": "2024-11-10 01:45:09 +0000"
    },
    "done": true
  },
  "minecraft:recipes/building_blocks/cut_copper": {
    "criteria": {
      "has_copper_block": "2024-11-10 02:13:31 +0000"
    },
    "done": true
  },
  "minecraft:recipes/building_blocks/deepslate_brick_slab_from_cobbled_deepslate_stonecutting": {
    "criteria": {
      "has_cobbled_deepslate": "2024-11-10 22:31:51 +0000"
    },
    "done": true
  },
  "minecraft:recipes/building_blocks/quartz_bricks": {
    "criteria": {
      "has_quartz_block": "2024-11-10 02:47:17 +0000"
    },
    "done": true
  },
  "minecraft:recipes/redstone/stone_pressure_plate": {
    "criteria": {
      "has_stone": "2024-11-09 21:19:30 +0000"
    },
    "done": true
  },
  "minecraft:husbandry/plant_seed": {
    "criteria": {
      "wheat": "2024-11-10 01:48:42 +0000"
    },
    "done": true
  },
  "minecraft:recipes/building_blocks/brown_stained_glass": {
    "criteria": {
      "has_glass": "2024-11-10 22:52:26 +0000"
    },
    "done": true
  },
  "additionalguns:recipes/additionalguns/usas12": {
    "criteria": {
      "has_iron_ingot": "2024-11-10 01:45:09 +0000"
    },
    "done": true
  },
  "minecraft:recipes/combat/leather_boots": {
    "criteria": {
      "has_leather": "2024-11-10 02:47:17 +0000"
    },
    "done": true
  },
  "cgm:recipes/cgm/light_grip": {
    "criteria": {
      "has_iron_ingot": "2024-11-10 21:53:33 +0000"
    },
    "done": true
  },
  "minecraft:recipes/decorations/cobblestone_wall_from_cobblestone_stonecutting": {
    "criteria": {
      "has_cobblestone": "2024-11-09 21:19:12 +0000"
    },
    "done": true
  },
  "securitycraft:recipes/securitycraft/reinforced_magenta_stained_glass_pane_from_dye": {
    "criteria": {
      "has_glass": "2024-11-10 22:52:26 +0000"
    },
    "done": true
  },
  "minecraft:recipes/misc/black_dye": {
    "criteria": {
      "has_ink_sac": "2024-11-10 02:59:54 +0000"
    },
    "done": true
  },
  "additionalguns:recipes/additionalguns/casing_medium": {
    "criteria": {
      "has_iron_nugget": "2024-11-10 21:53:33 +0000"
    },
    "done": true
  },
  "minecraft:recipes/building_blocks/light_gray_stained_glass": {
    "criteria": {
      "has_glass": "2024-11-10 22:52:26 +0000"
    },
    "done": true
  },
  "minecraft:recipes/building_blocks/diamond_block": {
    "criteria": {
      "has_diamond": "2024-11-10 22:39:19 +0000"
    },
    "done": true
  },
  "cgm:recipes/cgm/heavy_rifle": {
    "criteria": {
      "has_iron_ingot": "2024-11-10 01:45:09 +0000"
    },
    "done": true
  },
  "additionalguns:recipes/additionalguns/tactical_muzzle_brake": {
    "criteria": {
      "has_iron_ingot": "2024-11-10 01:45:09 +0000"
    },
    "done": true
  },
  "minecraft:recipes/building_blocks/quartz_bricks_from_quartz_block_stonecutting": {
    "criteria": {
      "has_quartz_block": "2024-11-10 02:47:17 +0000"
    },
    "done": true
  },
  "additionalguns:recipes/additionalguns/ravens_claw": {
    "criteria": {
      "has_iron_ingot": "2024-11-10 01:45:09 +0000"
    },
    "done": true
  },
  "minecraft:recipes/building_blocks/weathered_cut_copper_slab_from_weathered_copper_stonecutting": {
    "criteria": {
      "has_weathered_copper": "2024-11-10 02:08:49 +0000"
    },
    "done": true
  },
  "minecraft:recipes/travelersbackpack/ghast_smithing_iron": {
    "criteria": {
      "has_iron_tier_upgrade": "2024-11-10 23:03:36 +0000"
    },
    "done": true
  },
  "additionalguns:recipes/additionalguns/pp_19": {
    "criteria": {
      "has_iron_ingot": "2024-11-10 01:45:09 +0000"
    },
    "done": true
  },
  "minecraft:recipes/travelersbackpack/magenta_sleeping_bag_from_white_sleeping_bag": {
    "criteria": {
      "has_sleeping_bag": "2024-11-10 22:52:16 +0000"
    },
    "done": true
  },
  "minecraft:recipes/transportation/tnt_minecart": {
    "criteria": {
      "has_minecart": "2024-11-08 00:54:12 +0000"
    },
    "done": true
  },
  "minecraft:recipes/decorations/lantern": {
    "criteria": {
      "has_iron_ingot": "2024-11-10 01:45:09 +0000"
    },
    "done": true
  },
  "securitycraft:recipes/securitycraft/reinforced_packed_mud": {
    "criteria": {
      "has_wheat": "2024-11-10 01:30:05 +0000"
    },
    "done": true
  },
  "additionalguns:recipes/additionalguns/bullet_small": {
    "criteria": {
      "has_gunpowder": "2024-11-10 01:32:40 +0000"
    },
    "done": true
  },
  "securitycraft:recipes/securitycraft/reinforced_pink_stained_glass_pane_from_glass": {
    "criteria": {
      "has_glass": "2024-11-10 22:52:26 +0000"
    },
    "done": true
  },
  "minecraft:recipes/travelersbackpack/blaze_smithing_iron": {
    "criteria": {
      "has_iron_tier_upgrade": "2024-11-10 23:03:36 +0000"
    },
    "done": true
  },
  "additionalguns:recipes/additionalguns/bullet_special": {
    "criteria": {
      "has_gunpowder": "2024-11-10 01:32:40 +0000"
    },
    "done": true
  },
  "minecraft:recipes/building_blocks/polished_diorite": {
    "criteria": {
      "has_diorite": "2024-11-10 02:47:17 +0000"
    },
    "done": true
  },
  "minecraft:recipes/building_blocks/cobbled_deepslate_slab_from_cobbled_deepslate_stonecutting": {
    "criteria": {
      "has_cobbled_deepslate": "2024-11-10 22:31:51 +0000"
    },
    "done": true
  },
  "minecraft:recipes/building_blocks/light_gray_wool": {
    "criteria": {
      "has_white_wool": "2024-11-10 02:47:17 +0000"
    },
    "done": true
  },
  "securitycraft:recipes/securitycraft/reinforced_lime_stained_glass_pane_from_glass": {
    "criteria": {
      "has_glass": "2024-11-10 22:52:26 +0000"
    },
    "done": true
  },
  "minecraft:recipes/building_blocks/red_wool": {
    "criteria": {
      "has_white_wool": "2024-11-10 02:47:17 +0000"
    },
    "done": true
  },
  "securitycraft:recipes/securitycraft/alarm": {
    "criteria": {
      "has_redstone": "2024-11-10 01:45:10 +0000"
    },
    "done": true
  },
  "minecraft:recipes/tools/stone_axe": {
    "criteria": {
      "has_cobblestone": "2024-11-09 21:19:12 +0000"
    },
    "done": true
  },
  "minecraft:recipes/food/cooked_mutton": {
    "criteria": {
      "has_mutton": "2024-11-10 02:47:17 +0000"
    },
    "done": true
  },
  "minecraft:recipes/building_blocks/raw_iron_block": {
    "criteria": {
      "has_raw_iron": "2024-11-10 03:00:39 +0000"
    },
    "done": true
  },
  "securitycraft:recipes/securitycraft/disguise_module": {
    "criteria": {
      "has_iron": "2024-11-10 01:45:09 +0000"
    },
    "done": true
  },
  "securitycraft:recipes/securitycraft/reinforced_cyan_stained_glass_pane_from_glass": {
    "criteria": {
      "has_glass": "2024-11-10 22:52:26 +0000"
    },
    "done": true
  },
  "additionalguns:recipes/additionalguns/ak104": {
    "criteria": {
      "has_iron_ingot": "2024-11-10 01:45:09 +0000"
    },
    "done": true
  },
  "additionalguns:recipes/additionalguns/ak105": {
    "criteria": {
      "has_iron_ingot": "2024-11-10 01:45:09 +0000"
    },
    "done": true
  },
  "minecraft:recipes/travelersbackpack/iron_golem_smithing_iron": {
    "criteria": {
      "has_iron_tier_upgrade": "2024-11-10 23:03:36 +0000"
    },
    "done": true
  },
  "minecraft:recipes/building_blocks/purple_wool": {
    "criteria": {
      "has_white_wool": "2024-11-10 02:47:17 +0000"
    },
    "done": true
  },
  "minecraft:recipes/building_blocks/quartz_pillar": {
    "criteria": {
      "has_quartz_block": "2024-11-10 02:47:17 +0000"
    },
    "done": true
  },
  "minecraft:recipes/travelersbackpack/bee_smithing_iron": {
    "criteria": {
      "has_iron_tier_upgrade": "2024-11-10 23:03:36 +0000"
    },
    "done": true
  },
  "minecraft:recipes/building_blocks/cobblestone_stairs_from_cobblestone_stonecutting": {
    "criteria": {
      "has_cobblestone": "2024-11-09 21:19:12 +0000"
    },
    "done": true
  },
  "minecraft:recipes/building_blocks/magenta_concrete_powder": {
    "criteria": {
      "has_gravel": "2024-11-09 21:33:42 +0000"
    },
    "done": true
  },
  "additionalguns:recipes/additionalguns/akm_custom": {
    "criteria": {
      "has_iron_ingot": "2024-11-10 01:45:09 +0000"
    },
    "done": true
  },
  "securitycraft:recipes/securitycraft/panic_button": {
    "criteria": {
      "has_redstone": "2024-11-10 01:45:10 +0000"
    },
    "done": true
  },
  "securitycraft:recipes/securitycraft/reinforced_granite": {
    "criteria": {
      "has_quartz": "2024-11-10 22:39:03 +0000"
    },
    "done": true
  },
  "minecraft:recipes/misc/wheat": {
    "criteria": {
      "has_hay_block": "2024-11-10 01:30:03 +0000"
    },
    "done": true
  },
  "minecraft:recipes/decorations/white_bed": {
    "criteria": {
      "has_white_wool": "2024-11-10 02:47:17 +0000"
    },
    "done": true
  },
  "bunker_down:first_joined_world": {
    "criteria": {
      "first_joined_world": "2024-11-08 00:34:56 +0000"
    },
    "done": true
  },
  "securitycraft:recipes/securitycraft/reinforced_green_stained_glass_pane_from_dye": {
    "criteria": {
      "has_glass": "2024-11-10 22:52:26 +0000"
    },
    "done": true
  },
  "minecraft:recipes/transportation/furnace_minecart": {
    "criteria": {
      "has_minecart": "2024-11-08 00:54:12 +0000"
    },
    "done": true
  },
  "minecraft:recipes/building_blocks/stone_brick_slab_from_stone_bricks_stonecutting": {
    "criteria": {
      "has_stone_bricks": "2024-11-08 01:02:29 +0000"
    },
    "done": true
  },
  "minecraft:recipes/travelersbackpack/black_sleeping_bag_from_white_sleeping_bag": {
    "criteria": {
      "has_sleeping_bag": "2024-11-10 22:52:16 +0000"
    },
    "done": true
  },
  "minecraft:recipes/travelersbackpack/creeper_smithing_iron": {
    "criteria": {
      "has_iron_tier_upgrade": "2024-11-10 23:03:36 +0000"
    },
    "done": true
  },
  "minecraft:recipes/decorations/campfire": {
    "criteria": {
      "has_stick": "2024-11-09 21:19:06 +0000"
    },
    "done": true
  },
  "minecraft:recipes/decorations/candle": {
    "criteria": {
      "has_string": "2024-11-10 02:47:17 +0000"
    },
    "done": true
  },
  "minecraft:recipes/tools/golden_hoe": {
    "criteria": {
      "has_gold_ingot": "2024-11-10 22:48:09 +0000"
    },
    "done": true
  },
  "minecraft:recipes/food/bread": {
    "criteria": {
      "has_wheat": "2024-11-10 01:30:05 +0000"
    },
    "done": true
  },
  "additionalguns:recipes/additionalguns/vintorez": {
    "criteria": {
      "has_iron_ingot": "2024-11-10 01:45:09 +0000"
    },
    "done": true
  },
  "minecraft:recipes/building_blocks/diorite_slab_from_diorite_stonecutting": {
    "criteria": {
      "has_diorite": "2024-11-10 02:47:17 +0000"
    },
    "done": true
  },
  "minecraft:recipes/building_blocks/smooth_stone": {
    "criteria": {
      "has_stone": "2024-11-09 21:19:30 +0000"
    },
    "done": true
  },
  "minecraft:recipes/misc/iron_nugget": {
    "criteria": {
      "has_iron_ingot": "2024-11-10 01:45:09 +0000"
    },
    "done": true
  },
  "securitycraft:recipes/securitycraft/reinforced_light_blue_stained_glass_pane_from_dye": {
    "criteria": {
      "has_glass": "2024-11-10 22:52:26 +0000"
    },
    "done": true
  },
  "minecraft:recipes/travelersbackpack/fox_smithing_iron": {
    "criteria": {
      "has_iron_tier_upgrade": "2024-11-10 23:03:36 +0000"
    },
    "done": true
  },
  "minecraft:recipes/transportation/hopper_minecart": {
    "criteria": {
      "has_minecart": "2024-11-08 00:54:12 +0000"
    },
    "done": true
  },
  "additionalguns:recipes/additionalguns/vintorez_stock": {
    "criteria": {
      "has_iron_nugget": "2024-11-10 21:53:33 +0000"
    },
    "done": true
  },
  "minecraft:recipes/building_blocks/stone_slab_from_stone_stonecutting": {
    "criteria": {
      "has_stone": "2024-11-09 21:19:30 +0000"
    },
    "done": true
  },
  "minecraft:recipes/building_blocks/brown_concrete_powder": {
    "criteria": {
      "has_gravel": "2024-11-09 21:33:42 +0000"
    },
    "done": true
  },
  "securitycraft:recipes/securitycraft/reinforced_red_stained_glass_pane_from_glass": {
    "criteria": {
      "has_glass": "2024-11-10 22:52:26 +0000"
    },
    "done": true
  },
  "minecraft:recipes/building_blocks/deepslate_tile_slab_from_cobbled_deepslate_stonecutting": {
    "criteria": {
      "has_cobbled_deepslate": "2024-11-10 22:31:51 +0000"
    },
    "done": true
  },
  "securitycraft:recipes/securitycraft/track_mine": {
    "criteria": {
      "has_iron": "2024-11-10 01:45:09 +0000"
    },
    "done": true
  },
  "minecraft:recipes/misc/bone_meal_from_bone_block": {
    "criteria": {
      "has_bone_block": "2024-11-10 02:50:55 +0000"
    },
    "done": true
  },
  "minecraft:recipes/travelersbackpack/magma_cube_smithing_iron": {
    "criteria": {
      "has_iron_tier_upgrade": "2024-11-10 23:03:36 +0000"
    },
    "done": true
  },
  "additionalguns:recipes/additionalguns/desert_eagle": {
    "criteria": {
      "has_iron_ingot": "2024-11-10 01:45:09 +0000"
    },
    "done": true
  },
  "cgm:recipes/cgm/advanced_bullet": {
    "criteria": {
      "has_gunpowder": "2024-11-10 01:32:40 +0000"
    },
    "done": true
  },
  "minecraft:recipes/combat/diamond_sword": {
    "criteria": {
      "has_diamond": "2024-11-10 22:39:19 +0000"
    },
    "done": true
  },
  "minecraft:recipes/building_blocks/blue_stained_glass": {
    "criteria": {
      "has_glass": "2024-11-10 22:52:26 +0000"
    },
    "done": true
  },
  "minecraft:recipes/building_blocks/cyan_wool": {
    "criteria": {
      "has_white_wool": "2024-11-10 02:47:17 +0000"
    },
    "done": true
  },
  "additionalguns:recipes/additionalguns/m16a2": {
    "criteria": {
      "has_iron_ingot": "2024-11-10 01:45:09 +0000"
    },
    "done": true
  },
  "minecraft:recipes/misc/white_dye": {
    "criteria": {
      "has_bone_meal": "2024-11-09 21:18:50 +0000"
    },
    "done": true
  },
  "minecraft:recipes/building_blocks/exposed_cut_copper_stairs_from_exposed_copper_stonecutting": {
    "criteria": {
      "has_exposed_copper": "2024-11-10 02:08:25 +0000"
    },
    "done": true
  },
  "minecraft:recipes/transportation/spruce_boat": {
    "criteria": {
      "in_water": "2024-11-10 01:26:39 +0000"
    },
    "done": true
  },
  "minecraft:recipes/decorations/jukebox": {
    "criteria": {
      "has_diamond": "2024-11-10 22:39:19 +0000"
    },
    "done": true
  },
  "minecraft:recipes/building_blocks/cracked_stone_bricks": {
    "criteria": {
      "has_stone_bricks": "2024-11-08 01:02:29 +0000"
    },
    "done": true
  },
  "minecraft:recipes/building_blocks/diorite": {
    "criteria": {
      "has_quartz": "2024-11-10 22:39:03 +0000"
    },
    "done": true
  },
  "securitycraft:recipes/securitycraft/blacklist_module": {
    "criteria": {
      "has_iron": "2024-11-10 01:45:09 +0000"
    },
    "done": true
  },
  "securitycraft:recipes/securitycraft/speed_module": {
    "criteria": {
      "has_iron": "2024-11-10 01:45:09 +0000"
    },
    "done": true
  },
  "minecraft:recipes/tools/flint_and_steel": {
    "criteria": {
      "has_flint": "2024-11-10 02:47:17 +0000"
    },
    "done": true
  },
  "minecraft:recipes/building_blocks/cut_copper_slab_from_copper_block_stonecutting": {
    "criteria": {
      "has_copper_block": "2024-11-10 02:13:31 +0000"
    },
    "done": true
  },
  "minecraft:recipes/misc/firework_rocket_simple": {
    "criteria": {
      "has_gunpowder": "2024-11-10 01:32:40 +0000"
    },
    "done": true
  },
  "additionalguns:recipes/additionalguns/muzzle_brake": {
    "criteria": {
      "has_iron_ingot": "2024-11-10 01:45:09 +0000"
    },
    "done": true
  },
  "minecraft:recipes/building_blocks/quartz_stairs_from_quartz_block_stonecutting": {
    "criteria": {
      "has_quartz_block": "2024-11-10 02:47:17 +0000"
    },
    "done": true
  },
  "securitycraft:recipes/securitycraft/reinforced_blue_stained_glass_pane_from_dye": {
    "criteria": {
      "has_glass": "2024-11-10 22:52:26 +0000"
    },
    "done": true
  },
  "securitycraft:recipes/securitycraft/harming_module": {
    "criteria": {
      "has_iron": "2024-11-10 01:45:09 +0000"
    },
    "done": true
  },
  "minecraft:recipes/building_blocks/gray_wool": {
    "criteria": {
      "has_white_wool": "2024-11-10 02:47:17 +0000"
    },
    "done": true
  },
  "minecraft:recipes/misc/sugar_from_sugar_cane": {
    "criteria": {
      "has_sugar_cane": "2024-11-10 02:47:17 +0000"
    },
    "done": true
  },
  "minecraft:recipes/misc/gold_nugget": {
    "criteria": {
      "has_gold_ingot": "2024-11-10 22:48:09 +0000"
    },
    "done": true
  },
  "additionalguns:recipes/additionalguns/scar": {
    "criteria": {
      "has_iron_ingot": "2024-11-10 01:45:09 +0000"
    },
    "done": true
  },
  "securitycraft:recipes/securitycraft/keypad_frame": {
    "criteria": {
      "has_redstone": "2024-11-10 01:45:10 +0000"
    },
    "done": true
  },
  "minecraft:husbandry/balanced_diet": {
    "criteria": {
      "cooked_beef": "2024-11-10 21:14:53 +0000",
      "bread": "2024-11-10 01:31:53 +0000"
    },
    "done": false
  },
  "minecraft:recipes/tools/wooden_hoe": {
    "criteria": {
      "has_stick": "2024-11-09 21:19:06 +0000"
    },
    "done": true
  },
  "securitycraft:recipes/securitycraft/reinforced_light_gray_stained_glass": {
    "criteria": {
      "has_glass": "2024-11-10 22:52:26 +0000"
    },
    "done": true
  },
  "minecraft:recipes/misc/bucket": {
    "criteria": {
      "has_iron_ingot": "2024-11-10 01:45:09 +0000"
    },
    "done": true
  },
  "minecraft:recipes/building_blocks/cobblestone_stairs": {
    "criteria": {
      "has_cobblestone": "2024-11-09 21:19:12 +0000"
    },
    "done": true
  },
  "minecraft:recipes/building_blocks/diorite_slab": {
    "criteria": {
      "has_diorite": "2024-11-10 02:47:17 +0000"
    },
    "done": true
  },
  "minecraft:recipes/building_blocks/stone_brick_stairs_from_stone_bricks_stonecutting": {
    "criteria": {
      "has_stone_bricks": "2024-11-08 01:02:29 +0000"
    },
    "done": true
  },
  "additionalguns:recipes/additionalguns/m1014": {
    "criteria": {
      "has_iron_ingot": "2024-11-10 01:45:09 +0000"
    },
    "done": true
  },
  "securitycraft:recipes/securitycraft/reinforced_light_blue_stained_glass_pane_from_glass": {
    "criteria": {
      "has_glass": "2024-11-10 22:52:26 +0000"
    },
    "done": true
  },
  "minecraft:recipes/travelersbackpack/green_sleeping_bag_from_white_sleeping_bag": {
    "criteria": {
      "has_sleeping_bag": "2024-11-10 22:52:16 +0000"
    },
    "done": true
  },
  "minecraft:recipes/redstone/note_block": {
    "criteria": {
      "has_redstone": "2024-11-10 01:45:10 +0000"
    },
    "done": true
  },
  "securitycraft:recipes/securitycraft/redstone_module": {
    "criteria": {
      "has_iron": "2024-11-10 01:45:09 +0000"
    },
    "done": true
  },
  "minecraft:recipes/decorations/white_banner": {
    "criteria": {
      "has_white_wool": "2024-11-10 02:47:17 +0000"
    },
    "done": true
  },
  "minecraft:recipes/building_blocks/light_blue_concrete_powder": {
    "criteria": {
      "has_gravel": "2024-11-09 21:33:42 +0000"
    },
    "done": true
  },
  "minecraft:recipes/building_blocks/polished_diorite_slab_from_diorite_stonecutting": {
    "criteria": {
      "has_diorite": "2024-11-10 02:47:17 +0000"
    },
    "done": true
  },
  "minecraft:recipes/building_blocks/deepslate_tiles_from_cobbled_deepslate_stonecutting": {
    "criteria": {
      "has_cobbled_deepslate": "2024-11-10 22:31:51 +0000"
    },
    "done": true
  },
  "minecraft:recipes/travelersbackpack/pink_sleeping_bag_from_white_sleeping_bag": {
    "criteria": {
      "has_sleeping_bag": "2024-11-10 22:52:16 +0000"
    },
    "done": true
  },
  "cgm:recipes/cgm/machine_pistol": {
    "criteria": {
      "has_iron_ingot": "2024-11-10 01:45:09 +0000"
    },
    "done": true
  },
  "securitycraft:recipes/securitycraft/keypad_item": {
    "criteria": {
      "has_stone_button": "2024-11-10 03:45:57 +0000"
    },
    "done": true
  },
  "minecraft:recipes/building_blocks/hay_block": {
    "criteria": {
      "has_wheat": "2024-11-10 01:30:05 +0000"
    },
    "done": true
  },
  "additionalguns:recipes/additionalguns/magnum": {
    "criteria": {
      "has_iron_ingot": "2024-11-10 01:45:09 +0000"
    },
    "done": true
  },
  "minecraft:recipes/misc/leather_horse_armor": {
    "criteria": {
      "has_leather": "2024-11-10 02:47:17 +0000"
    },
    "done": true
  },
  "minecraft:recipes/building_blocks/glass": {
    "criteria": {
      "has_sand": "2024-11-10 22:48:38 +0000"
    },
    "done": true
  },
  "minecraft:recipes/combat/iron_helmet": {
    "criteria": {
      "has_iron_ingot": "2024-11-10 01:45:09 +0000"
    },
    "done": true
  },
  "minecraft:recipes/building_blocks/waxed_exposed_copper_from_honeycomb": {
    "criteria": {
      "has_exposed_copper": "2024-11-10 02:08:25 +0000"
    },
    "done": true
  },
  "minecraft:recipes/tools/golden_shovel": {
    "criteria": {
      "has_gold_ingot": "2024-11-10 22:48:09 +0000"
    },
    "done": true
  },
  "additionalguns:recipes/additionalguns/mp7": {
    "criteria": {
      "has_iron_ingot": "2024-11-10 01:45:09 +0000"
    },
    "done": true
  },
  "minecraft:recipes/combat/bow": {
    "criteria": {
      "has_string": "2024-11-10 02:47:17 +0000"
    },
    "done": true
  },
  "minecraft:recipes/redstone/oak_fence_gate": {
    "criteria": {
      "has_planks": "2024-11-10 01:26:06 +0000"
    },
    "done": true
  },
  "minecraft:recipes/redstone/tnt": {
    "criteria": {
      "has_gunpowder": "2024-11-10 01:32:40 +0000"
    },
    "done": true
  },
  "minecraft:recipes/building_blocks/granite": {
    "criteria": {
      "has_quartz": "2024-11-10 22:39:03 +0000"
    },
    "done": true
  },
  "minecraft:recipes/building_blocks/purple_concrete_powder": {
    "criteria": {
      "has_gravel": "2024-11-09 21:33:42 +0000"
    },
    "done": true
  },
  "minecraft:husbandry/bred_all_animals": {
    "criteria": {
      "minecraft:cow": "2024-11-10 01:30:10 +0000"
    },
    "done": false
  },
  "minecraft:recipes/decorations/diorite_wall_from_diorite_stonecutting": {
    "criteria": {
      "has_diorite": "2024-11-10 02:47:17 +0000"
    },
    "done": true
  },
  "additionalguns:recipes/additionalguns/bullet_long": {
    "criteria": {
      "has_gunpowder": "2024-11-10 01:32:40 +0000"
    },
    "done": true
  },
  "minecraft:recipes/combat/diamond_chestplate": {
    "criteria": {
      "has_diamond": "2024-11-10 22:39:19 +0000"
    },
    "done": true
  },
  "minecraft:story/mine_stone": {
    "criteria": {
      "get_stone": "2024-11-09 21:19:12 +0000"
    },
    "done": true
  },
  "securitycraft:recipes/securitycraft/reinforced_green_stained_glass_pane_from_glass": {
    "criteria": {
      "has_glass": "2024-11-10 22:52:26 +0000"
    },
    "done": true
  },
  "minecraft:recipes/redstone/target": {
    "criteria": {
      "has_hay_block": "2024-11-10 01:30:03 +0000"
    },
    "done": true
  },
  "minecraft:recipes/decorations/furnace": {
    "criteria": {
      "has_cobblestone": "2024-11-09 21:19:12 +0000"
    },
    "done": true
  },
  "minecraft:recipes/transportation/minecart": {
    "criteria": {
      "has_iron_ingot": "2024-11-10 01:45:09 +0000"
    },
    "done": true
  },
  "additionalguns:recipes/additionalguns/schwarzlose": {
    "criteria": {
      "has_oak_planks": "2024-11-10 01:26:06 +0000"
    },
    "done": true
  },
  "additionalguns:recipes/additionalguns/awm": {
    "criteria": {
      "has_iron_ingot": "2024-11-10 01:45:09 +0000"
    },
    "done": true
  },
  "securitycraft:recipes/securitycraft/reinforced_gray_stained_glass_pane_from_glass": {
    "criteria": {
      "has_glass": "2024-11-10 22:52:26 +0000"
    },
    "done": true
  },
  "minecraft:recipes/misc/charcoal": {
    "criteria": {
      "has_log": "2024-11-10 01:26:03 +0000"
    },
    "done": true
  },
  "minecraft:recipes/building_blocks/orange_wool": {
    "criteria": {
      "has_white_wool": "2024-11-10 02:47:17 +0000"
    },
    "done": true
  },
  "cgm:recipes/cgm/long_scope": {
    "criteria": {
      "has_iron_ingot": "2024-11-10 21:53:33 +0000"
    },
    "done": true
  },
  "minecraft:recipes/tools/wooden_pickaxe": {
    "criteria": {
      "has_stick": "2024-11-09 21:19:06 +0000"
    },
    "done": true
  },
  "minecraft:recipes/tools/iron_hoe": {
    "criteria": {
      "has_iron_ingot": "2024-11-10 01:45:09 +0000"
    },
    "done": true
  },
  "additionalguns:recipes/additionalguns/kobra": {
    "criteria": {
      "has_redstone": "2024-11-10 01:45:10 +0000"
    },
    "done": true
  },
  "securitycraft:recipes/securitycraft/reinforced_gray_stained_glass_pane_from_dye": {
    "criteria": {
      "has_glass": "2024-11-10 22:52:26 +0000"
    },
    "done": true
  },
  "minecraft:recipes/building_blocks/cobbled_deepslate_stairs": {
    "criteria": {
      "has_cobbled_deepslate": "2024-11-10 22:31:51 +0000"
    },
    "done": true
  },
  "minecraft:recipes/building_blocks/stone_brick_slab": {
    "criteria": {
      "has_stone_bricks": "2024-11-08 01:02:29 +0000"
    },
    "done": true
  },
  "minecraft:husbandry/root": {
    "criteria": {
      "consumed_item": "2024-11-10 01:31:53 +0000"
    },
    "done": true
  },
  "minecraft:recipes/redstone/redstone_torch": {
    "criteria": {
      "has_redstone": "2024-11-10 01:45:10 +0000"
    },
    "done": true
  },
  "minecraft:recipes/transportation/birch_boat": {
    "criteria": {
      "in_water": "2024-11-10 01:26:39 +0000"
    },
    "done": true
  },
  "minecraft:recipes/building_blocks/cut_copper_from_copper_block_stonecutting": {
    "criteria": {
      "has_copper_block": "2024-11-10 02:13:31 +0000"
    },
    "done": true
  },
  "minecraft:recipes/food/golden_apple": {
    "criteria": {
      "has_gold_ingot": "2024-11-10 22:48:09 +0000"
    },
    "done": true
  },
  "minecraft:recipes/misc/gold_ingot_from_blasting_raw_gold": {
    "criteria": {
      "has_raw_gold": "2024-11-10 22:35:52 +0000"
    },
    "done": true
  },
  "securitycraft:recipes/securitycraft/sonic_security_system": {
    "criteria": {
      "has_stick": "2024-11-09 21:19:06 +0000"
    },
    "done": true
  },
  "securitycraft:recipes/securitycraft/reinforced_brown_stained_glass_pane_from_dye": {
    "criteria": {
      "has_glass": "2024-11-10 22:52:26 +0000"
    },
    "done": true
  },
  "minecraft:recipes/building_blocks/green_concrete_powder": {
    "criteria": {
      "has_gravel": "2024-11-09 21:33:42 +0000"
    },
    "done": true
  },
  "minecraft:recipes/building_blocks/cobbled_deepslate_stairs_from_cobbled_deepslate_stonecutting": {
    "criteria": {
      "has_cobbled_deepslate": "2024-11-10 22:31:51 +0000"
    },
    "done": true
  },
  "trashcans:recipes/decorations/liquid_trash_can": {
    "criteria": {
      "recipe_condition": "2024-11-10 22:23:32 +0000"
    },
    "done": true
  },
  "minecraft:recipes/tools/iron_shovel": {
    "criteria": {
      "has_iron_ingot": "2024-11-10 01:45:09 +0000"
    },
    "done": true
  },
  "additionalguns:recipes/additionalguns/val": {
    "criteria": {
      "has_iron_ingot": "2024-11-10 01:45:09 +0000"
    },
    "done": true
  },
  "minecraft:recipes/building_blocks/orange_stained_glass": {
    "criteria": {
      "has_glass": "2024-11-10 22:52:26 +0000"
    },
    "done": true
  },
  "minecraft:recipes/travelersbackpack/coal_smithing_iron": {
    "criteria": {
      "has_iron_tier_upgrade": "2024-11-10 23:03:36 +0000"
    },
    "done": true
  },
  "minecraft:recipes/travelersbackpack/cow_smithing_iron": {
    "criteria": {
      "has_iron_tier_upgrade": "2024-11-10 23:03:36 +0000"
    },
    "done": true
  },
  "additionalguns:recipes/additionalguns/zerkalo_scope": {
    "criteria": {
      "has_redstone": "2024-11-10 01:45:10 +0000"
    },
    "done": true
  },
  "minecraft:recipes/travelersbackpack/blue_sleeping_bag_from_white_sleeping_bag": {
    "criteria": {
      "has_sleeping_bag": "2024-11-10 22:52:16 +0000"
    },
    "done": true
  },
  "minecraft:recipes/travelersbackpack/purple_sleeping_bag_from_white_sleeping_bag": {
    "criteria": {
      "has_sleeping_bag": "2024-11-10 22:52:16 +0000"
    },
    "done": true
  },
  "additionalguns:recipes/additionalguns/aug": {
    "criteria": {
      "has_iron_ingot": "2024-11-10 01:45:09 +0000"
    },
    "done": true
  },
  "minecraft:recipes/decorations/item_frame": {
    "criteria": {
      "has_leather": "2024-11-10 02:47:17 +0000"
    },
    "done": true
  },
  "minecraft:recipes/travelersbackpack/pig_smithing_iron": {
    "criteria": {
      "has_iron_tier_upgrade": "2024-11-10 23:03:36 +0000"
    },
    "done": true
  },
  "minecraft:recipes/tools/stone_hoe": {
    "criteria": {
      "has_cobblestone": "2024-11-09 21:19:12 +0000"
    },
    "done": true
  },
  "minecraft:recipes/tools/clock": {
    "criteria": {
      "has_redstone": "2024-11-10 01:45:10 +0000"
    },
    "done": true
  },
  "securitycraft:recipes/securitycraft/reinforced_yellow_stained_glass": {
    "criteria": {
      "has_glass": "2024-11-10 22:52:26 +0000"
    },
    "done": true
  },
  "minecraft:recipes/food/baked_potato_from_smoking": {
    "criteria": {
      "has_potato": "2024-11-10 01:28:45 +0000"
    },
    "done": true
  },
  "minecraft:recipes/tools/diamond_hoe": {
    "criteria": {
      "has_diamond": "2024-11-10 22:39:19 +0000"
    },
    "done": true
  },
  "minecraft:recipes/travelersbackpack/lime_sleeping_bag_from_white_sleeping_bag": {
    "criteria": {
      "has_sleeping_bag": "2024-11-10 22:52:16 +0000"
    },
    "done": true
  },
  "additionalguns:recipes/additionalguns/mac10": {
    "criteria": {
      "has_iron_ingot": "2024-11-10 01:45:09 +0000"
    },
    "done": true
  },
  "additionalguns:recipes/additionalguns/tactical_silencer": {
    "criteria": {
      "has_iron_ingot": "2024-11-10 01:45:09 +0000"
    },
    "done": true
  },
  "minecraft:recipes/tools/diamond_shovel": {
    "criteria": {
      "has_diamond": "2024-11-10 22:39:19 +0000"
    },
    "done": true
  },
  "minecraft:recipes/travelersbackpack/diamond_smithing_iron": {
    "criteria": {
      "has_iron_tier_upgrade": "2024-11-10 23:03:36 +0000"
    },
    "done": true
  },
  "minecraft:recipes/building_blocks/deepslate": {
    "criteria": {
      "has_cobbled_deepslate": "2024-11-10 22:31:51 +0000"
    },
    "done": true
  },
  "minecraft:recipes/food/baked_potato": {
    "criteria": {
      "has_potato": "2024-11-10 01:28:45 +0000"
    },
    "done": true
  },
  "minecraft:recipes/decorations/white_carpet": {
    "criteria": {
      "has_white_wool": "2024-11-10 02:47:17 +0000"
    },
    "done": true
  },
  "minecraft:recipes/travelersbackpack/light_gray_sleeping_bag_from_white_sleeping_bag": {
    "criteria": {
      "has_sleeping_bag": "2024-11-10 22:52:16 +0000"
    },
    "done": true
  },
  "additionalguns:recipes/additionalguns/over_under": {
    "criteria": {
      "has_planks": "2024-11-10 01:26:06 +0000"
    },
    "done": true
  },
  "minecraft:recipes/decorations/glass_pane": {
    "criteria": {
      "has_glass": "2024-11-10 22:52:26 +0000"
    },
    "done": true
  },
  "minecraft:recipes/building_blocks/magenta_stained_glass": {
    "criteria": {
      "has_glass": "2024-11-10 22:52:26 +0000"
    },
    "done": true
  },
  "minecraft:story/mine_diamond": {
    "criteria": {
      "diamond": "2024-11-10 22:39:19 +0000"
    },
    "done": true
  },
  "minecraft:story/upgrade_tools": {
    "criteria": {
      "stone_pickaxe": "2024-11-10 01:28:11 +0000"
    },
    "done": true
  },
  "minecraft:recipes/combat/diamond_helmet": {
    "criteria": {
      "has_diamond": "2024-11-10 22:39:19 +0000"
    },
    "done": true
  },
  "ags_day_counter:firts_day_advancement": {
    "criteria": {
      "firts_day_advancement": "2024-11-09 21:34:32 +0000"
    },
    "done": true
  },
  "minecraft:recipes/transportation/oak_boat": {
    "criteria": {
      "in_water": "2024-11-10 01:26:39 +0000"
    },
    "done": true
  },
  "minecraft:recipes/travelersbackpack/sheep_smithing_iron": {
    "criteria": {
      "has_iron_tier_upgrade": "2024-11-10 23:03:36 +0000"
    },
    "done": true
  },
  "securitycraft:recipes/securitycraft/secret_dark_oak_sign_item": {
    "criteria": {
      "has_sign": "2024-11-09 21:21:21 +0000"
    },
    "done": true
  },
  "additionalguns:recipes/additionalguns/vector": {
    "criteria": {
      "has_iron_ingot": "2024-11-10 01:45:09 +0000"
    },
    "done": true
  },
  "cgm:recipes/cgm/rifle": {
    "criteria": {
      "has_iron_ingot": "2024-11-10 01:45:09 +0000"
    },
    "done": true
  },
  "securitycraft:recipes/securitycraft/secret_crimson_sign_item": {
    "criteria": {
      "has_sign": "2024-11-09 21:21:21 +0000"
    },
    "done": true
  },
  "minecraft:recipes/building_blocks/cyan_concrete_powder": {
    "criteria": {
      "has_gravel": "2024-11-09 21:33:42 +0000"
    },
    "done": true
  },
  "minecraft:recipes/building_blocks/stone_brick_stairs": {
    "criteria": {
      "has_stone_bricks": "2024-11-08 01:02:29 +0000"
    },
    "done": true
  },
  "minecraft:recipes/combat/golden_boots": {
    "criteria": {
      "has_gold_ingot": "2024-11-10 22:48:09 +0000"
    },
    "done": true
  },
  "minecraft:recipes/travelersbackpack/snow_smithing_iron": {
    "criteria": {
      "has_iron_tier_upgrade": "2024-11-10 23:03:36 +0000"
    },
    "done": true
  },
  "securitycraft:recipes/securitycraft/claymore": {
    "criteria": {
      "has_redstone": "2024-11-10 01:45:10 +0000"
    },
    "done": true
  },
  "minecraft:recipes/tools/wooden_axe": {
    "criteria": {
      "has_stick": "2024-11-09 21:19:06 +0000"
    },
    "done": true
  },
  "minecraft:recipes/building_blocks/lime_wool": {
    "criteria": {
      "has_white_wool": "2024-11-10 02:47:17 +0000"
    },
    "done": true
  },
  "additionalguns:recipes/additionalguns/mp7a2": {
    "criteria": {
      "has_iron_ingot": "2024-11-10 01:45:09 +0000"
    },
    "done": true
  },
  "securitycraft:recipes/securitycraft/keycard_lv2": {
    "criteria": {
      "has_iron": "2024-11-10 01:45:09 +0000"
    },
    "done": true
  },
  "securitycraft:recipes/securitycraft/keycard_lv1": {
    "criteria": {
      "has_iron": "2024-11-10 01:45:09 +0000"
    },
    "done": true
  },
  "minecraft:recipes/misc/paper": {
    "criteria": {
      "has_reeds": "2024-11-10 02:47:17 +0000"
    },
    "done": true
  },
  "securitycraft:recipes/securitycraft/reinforced_cyan_stained_glass": {
    "criteria": {
      "has_glass": "2024-11-10 22:52:26 +0000"
    },
    "done": true
  },
  "minecraft:recipes/building_blocks/polished_diorite_stairs_from_diorite_stonecutting": {
    "criteria": {
      "has_diorite": "2024-11-10 02:47:17 +0000"
    },
    "done": true
  },
  "minecraft:recipes/building_blocks/stone_bricks_from_stone_stonecutting": {
    "criteria": {
      "has_stone": "2024-11-09 21:19:30 +0000"
    },
    "done": true
  },
  "minecraft:recipes/decorations/loom": {
    "criteria": {
      "has_string": "2024-11-10 02:47:17 +0000"
    },
    "done": true
  },
  "securitycraft:recipes/securitycraft/bouncing_betty": {
    "criteria": {
      "has_iron": "2024-11-10 01:45:09 +0000"
    },
    "done": true
  },
  "minecraft:recipes/building_blocks/green_wool": {
    "criteria": {
      "has_white_wool": "2024-11-10 02:47:17 +0000"
    },
    "done": true
  },
  "minecraft:recipes/tools/diamond_axe": {
    "criteria": {
      "has_diamond": "2024-11-10 22:39:19 +0000"
    },
    "done": true
  },
  "minecraft:recipes/decorations/stone_brick_wall_from_stone_bricks_stonecutting": {
    "criteria": {
      "has_stone_bricks": "2024-11-08 01:02:29 +0000"
    },
    "done": true
  },
  "minecraft:recipes/building_blocks/brown_wool": {
    "criteria": {
      "has_white_wool": "2024-11-10 02:47:17 +0000"
    },
    "done": true
  },
  "minecraft:recipes/building_blocks/chiseled_stone_bricks_from_stone_bricks_stonecutting": {
    "criteria": {
      "has_stone_bricks": "2024-11-08 01:02:29 +0000"
    },
    "done": true
  },
  "minecraft:recipes/building_blocks/waxed_copper_block_from_honeycomb": {
    "criteria": {
      "has_copper_block": "2024-11-10 02:13:31 +0000"
    },
    "done": true
  },
  "minecraft:recipes/building_blocks/weathered_cut_copper": {
    "criteria": {
      "has_weathered_copper": "2024-11-10 02:08:49 +0000"
    },
    "done": true
  },
  "trashcans:recipes/decorations/energy_trash_can": {
    "criteria": {
      "recipe_condition": "2024-11-10 01:45:10 +0000"
    },
    "done": true
  },
  "minecraft:recipes/travelersbackpack/bookshelf_smithing_iron": {
    "criteria": {
      "has_iron_tier_upgrade": "2024-11-10 23:03:36 +0000"
    },
    "done": true
  },
  "securitycraft:recipes/securitycraft/reinforced_glass_pane": {
    "criteria": {
      "has_glass": "2024-11-10 22:52:26 +0000"
    },
    "done": true
  },
  "additionalguns:recipes/additionalguns/mammoth": {
    "criteria": {
      "has_oak_planks": "2024-11-10 01:26:06 +0000"
    },
    "done": true
  },
  "minecraft:recipes/decorations/painting": {
    "criteria": {
      "has_wool": "2024-11-10 02:47:17 +0000"
    },
    "done": true
  },
  "securitycraft:recipes/securitycraft/reinforced_brown_stained_glass_pane_from_glass": {
    "criteria": {
      "has_glass": "2024-11-10 22:52:26 +0000"
    },
    "done": true
  },
  "minecraft:recipes/building_blocks/white_stained_glass": {
    "criteria": {
      "has_glass": "2024-11-10 22:52:26 +0000"
    },
    "done": true
  },
  "additionalguns:recipes/additionalguns/p250": {
    "criteria": {
      "has_iron_ingot": "2024-11-10 01:45:09 +0000"
    },
    "done": true
  },
  "securitycraft:recipes/securitycraft/sc_manual": {
    "criteria": {
      "has_wood": "2024-11-10 01:26:03 +0000"
    },
    "done": true
  },
  "additionalguns:recipes/additionalguns/ssg08": {
    "criteria": {
      "has_iron_ingot": "2024-11-10 01:45:09 +0000"
    },
    "done": true
  },
  "securitycraft:recipes/securitycraft/keycard_lv4": {
    "criteria": {
      "has_iron": "2024-11-10 01:45:09 +0000"
    },
    "done": true
  },
  "securitycraft:recipes/securitycraft/keycard_lv3": {
    "criteria": {
      "has_iron": "2024-11-10 01:45:09 +0000"
    },
    "done": true
  },
  "minecraft:recipes/building_blocks/mossy_cobblestone_from_moss_block": {
    "criteria": {
      "has_moss_block": "2024-11-10 22:12:59 +0000"
    },
    "done": true
  },
  "minecraft:recipes/building_blocks/stone_slab": {
    "criteria": {
      "has_stone": "2024-11-09 21:19:30 +0000"
    },
    "done": true
  },
  "minecraft:recipes/combat/arrow": {
    "criteria": {
      "has_feather": "2024-11-10 01:29:20 +0000"
    },
    "done": true
  },
  "securitycraft:recipes/securitycraft/keycard_lv5": {
    "criteria": {
      "has_iron": "2024-11-10 01:45:09 +0000"
    },
    "done": true
  },
  "minecraft:recipes/decorations/black_carpet": {
    "criteria": {
      "has_black_wool": "2024-11-10 22:51:54 +0000"
    },
    "done": true
  },
  "minecraft:recipes/building_blocks/coal_block": {
    "criteria": {
      "has_coal": "2024-11-10 01:33:07 +0000"
    },
    "done": true
  },
  "securitycraft:recipes/securitycraft/secret_mangrove_sign_item": {
    "criteria": {
      "has_sign": "2024-11-09 21:21:21 +0000"
    },
    "done": true
  },
  "additionalguns:recipes/additionalguns/m4a1s": {
    "criteria": {
      "has_iron_ingot": "2024-11-10 01:45:09 +0000"
    },
    "done": true
  },
  "securitycraft:recipes/securitycraft/reinforced_yellow_stained_glass_pane_from_dye": {
    "criteria": {
      "has_glass": "2024-11-10 22:52:26 +0000"
    },
    "done": true
  },
  "minecraft:recipes/redstone/light_weighted_pressure_plate": {
    "criteria": {
      "has_gold_ingot": "2024-11-10 22:48:09 +0000"
    },
    "done": true
  },
  "minecraft:recipes/tools/stone_shovel": {
    "criteria": {
      "has_cobblestone": "2024-11-09 21:19:12 +0000"
    },
    "done": true
  },
  "additionalguns:recipes/additionalguns/glock18": {
    "criteria": {
      "has_iron_ingot": "2024-11-10 01:45:09 +0000"
    },
    "done": true
  },
  "minecraft:recipes/building_blocks/blue_concrete_powder": {
    "criteria": {
      "has_gravel": "2024-11-09 21:33:42 +0000"
    },
    "done": true
  },
  "minecraft:recipes/travelersbackpack/cactus_smithing_iron": {
    "criteria": {
      "has_iron_tier_upgrade": "2024-11-10 23:03:36 +0000"
    },
    "done": true
  },
  "minecraft:recipes/building_blocks/diorite_stairs": {
    "criteria": {
      "has_diorite": "2024-11-10 02:47:17 +0000"
    },
    "done": true
  },
  "minecraft:recipes/building_blocks/cyan_stained_glass": {
    "criteria": {
      "has_glass": "2024-11-10 22:52:26 +0000"
    },
    "done": true
  },
  "securitycraft:recipes/securitycraft/universal_block_reinforcer_lvl2": {
    "criteria": {
      "has_redstone": "2024-11-10 01:45:10 +0000"
    },
    "done": true
  },
  "ags_day_counter:day_counter_root_advancement": {
    "criteria": {
      "day_counter_root_advancement": "2024-11-08 00:34:56 +0000"
    },
    "done": true
  },
  "securitycraft:recipes/securitycraft/reinforced_andesite": {
    "criteria": {
      "has_cobblestone": "2024-11-09 21:19:12 +0000"
    },
    "done": true
  },
  "securitycraft:recipes/securitycraft/universal_block_reinforcer_lvl1": {
    "criteria": {
      "has_redstone": "2024-11-10 01:45:10 +0000"
    },
    "done": true
  },
  "minecraft:recipes/travelersbackpack/red_sleeping_bag_from_white_sleeping_bag": {
    "criteria": {
      "has_sleeping_bag": "2024-11-10 22:52:16 +0000"
    },
    "done": true
  },
  "minecraft:recipes/travelersbackpack/bat_smithing_iron": {
    "criteria": {
      "has_iron_tier_upgrade": "2024-11-10 23:03:36 +0000"
    },
    "done": true
  },
  "cgm:recipes/cgm/workbench": {
    "criteria": {
      "has_concrete": "2024-11-10 01:44:00 +0000"
    },
    "done": true
  },
  "securitycraft:recipes/securitycraft/universal_block_reinforcer_lvl3": {
    "criteria": {
      "has_redstone": "2024-11-10 01:45:10 +0000"
    },
    "done": true
  },
  "additionalguns:recipes/additionalguns/fn2000": {
    "criteria": {
      "has_iron_ingot": "2024-11-10 01:45:09 +0000"
    },
    "done": true
  },
  "additionalguns:recipes/additionalguns/ots_03": {
    "criteria": {
      "has_iron_ingot": "2024-11-10 01:45:09 +0000"
    },
    "done": true
  },
  "minecraft:recipes/building_blocks/andesite": {
    "criteria": {
      "has_stone": "2024-11-10 02:47:17 +0000"
    },
    "done": true
  },
  "minecraft:recipes/combat/golden_helmet": {
    "criteria": {
      "has_gold_ingot": "2024-11-10 22:48:09 +0000"
    },
    "done": true
  },
  "securitycraft:recipes/securitycraft/reinforced_mossy_stone_bricks_from_vanilla_moss": {
    "criteria": {
      "has_moss": "2024-11-10 22:12:59 +0000"
    },
    "done": true
  },
  "minecraft:recipes/travelersbackpack/squid_smithing_iron": {
    "criteria": {
      "has_iron_tier_upgrade": "2024-11-10 23:03:36 +0000"
    },
    "done": true
  },
  "additionalguns:recipes/additionalguns/casing_long": {
    "criteria": {
      "has_iron_nugget": "2024-11-10 21:53:33 +0000"
    },
    "done": true
  },
  "minecraft:recipes/building_blocks/exposed_cut_copper_from_exposed_copper_stonecutting": {
    "criteria": {
      "has_exposed_copper": "2024-11-10 02:08:25 +0000"
    },
    "done": true
  },
  "securitycraft:recipes/securitycraft/reinforced_black_stained_glass": {
    "criteria": {
      "has_glass": "2024-11-10 22:52:26 +0000"
    },
    "done": true
  },
  "minecraft:recipes/redstone/oak_pressure_plate": {
    "criteria": {
      "has_planks": "2024-11-10 01:26:06 +0000"
    },
    "done": true
  },
  "cgm:recipes/cgm/bazooka": {
    "criteria": {
      "has_iron_ingot": "2024-11-10 01:45:09 +0000"
    },
    "done": true
  },
  "minecraft:recipes/building_blocks/polished_deepslate_stairs_from_cobbled_deepslate_stonecutting": {
    "criteria": {
      "has_cobbled_deepslate": "2024-11-10 22:31:51 +0000"
    },
    "done": true
  },
  "minecraft:recipes/building_blocks/mossy_stone_bricks_from_moss_block": {
    "criteria": {
      "has_moss_block": "2024-11-10 22:12:59 +0000"
    },
    "done": true
  },
  "securitycraft:recipes/securitycraft/laser_block": {
    "criteria": {
      "has_stone": "2024-11-09 21:19:30 +0000"
    },
    "done": true
  },
  "additionalguns:recipes/additionalguns/ak15": {
    "criteria": {
      "has_iron_ingot": "2024-11-10 01:45:09 +0000"
    },
    "done": true
  },
  "cgm:recipes/cgm/shotgun": {
    "criteria": {
      "has_iron_ingot": "2024-11-10 01:45:09 +0000"
    },
    "done": true
  },
  "additionalguns:recipes/additionalguns/ak12": {
    "criteria": {
      "has_iron_ingot": "2024-11-10 01:45:09 +0000"
    },
    "done": true
  },
  "additionalguns:recipes/additionalguns/m4a4": {
    "criteria": {
      "has_iron_ingot": "2024-11-10 01:45:09 +0000"
    },
    "done": true
  },
  "minecraft:recipes/building_blocks/oak_wood": {
    "criteria": {
      "has_log": "2024-11-10 01:26:03 +0000"
    },
    "done": true
  },
  "minecraft:recipes/building_blocks/smooth_quartz_stairs": {
    "criteria": {
      "has_smooth_quartz": "2024-11-09 21:19:30 +0000"
    },
    "done": true
  },
  "minecraft:story/root": {
    "criteria": {
      "crafting_table": "2024-11-10 01:26:09 +0000"
    },
    "done": true
  },
  "minecraft:recipes/redstone/dropper": {
    "criteria": {
      "has_redstone": "2024-11-10 01:45:10 +0000"
    },
    "done": true
  },
  "cgm:recipes/cgm/shell": {
    "criteria": {
      "has_gunpowder": "2024-11-10 01:32:40 +0000"
    },
    "done": true
  },
  "minecraft:recipes/misc/coal": {
    "criteria": {
      "has_coal_block": "2024-11-10 21:28:40 +0000"
    },
    "done": true
  },
  "minecraft:recipes/travelersbackpack/dragon_smithing_iron": {
    "criteria": {
      "has_iron_tier_upgrade": "2024-11-10 23:03:36 +0000"
    },
    "done": true
  },
  "trashcans:recipes/decorations/item_trash_can": {
    "criteria": {
      "recipe_condition": "2024-11-09 21:18:39 +0000"
    },
    "done": true
  },
  "minecraft:recipes/combat/leather_chestplate": {
    "criteria": {
      "has_leather": "2024-11-10 02:47:17 +0000"
    },
    "done": true
  },
  "minecraft:recipes/travelersbackpack/wolf_smithing_iron": {
    "criteria": {
      "has_iron_tier_upgrade": "2024-11-10 23:03:36 +0000"
    },
    "done": true
  },
  "securitycraft:recipes/securitycraft/reinforced_light_gray_stained_glass_pane_from_dye": {
    "criteria": {
      "has_glass": "2024-11-10 22:52:26 +0000"
    },
    "done": true
  },
  "minecraft:recipes/tools/compass": {
    "criteria": {
      "has_redstone": "2024-11-10 01:45:10 +0000"
    },
    "done": true
  },
  "minecraft:recipes/redstone/repeater": {
    "criteria": {
      "has_redstone_torch": "2024-11-10 01:45:56 +0000"
    },
    "done": true
  },
  "additionalguns:recipes/additionalguns/custom_mac": {
    "criteria": {
      "has_iron_ingot": "2024-11-10 01:45:09 +0000"
    },
    "done": true
  },
  "securitycraft:recipes/securitycraft/secret_acacia_sign_item": {
    "criteria": {
      "has_sign": "2024-11-09 21:21:21 +0000"
    },
    "done": true
  },
  "minecraft:recipes/redstone/oak_button": {
    "criteria": {
      "has_planks": "2024-11-10 01:26:06 +0000"
    },
    "done": true
  },
  "rottencreatures:recipes/rottencreatures.rottencreatures/tnt_barrel": {
    "criteria": {
      "has_gunpowder": "2024-11-10 01:32:40 +0000"
    },
    "done": true
  },
  "securitycraft:recipes/securitycraft/reinforced_magenta_stained_glass": {
    "criteria": {
      "has_glass": "2024-11-10 22:52:26 +0000"
    },
    "done": true
  },
  "additionalguns:recipes/additionalguns/banshee": {
    "criteria": {
      "has_iron_ingot": "2024-11-10 01:45:09 +0000"
    },
    "done": true
  },
  "cgm:recipes/cgm/weighted_stock": {
    "criteria": {
      "has_iron_ingot": "2024-11-10 21:53:33 +0000"
    },
    "done": true
  },
  "minecraft:recipes/building_blocks/quartz_block": {
    "criteria": {
      "has_quartz": "2024-11-10 22:39:03 +0000"
    },
    "done": true
  },
  "securitycraft:recipes/securitycraft/reinforced_pink_stained_glass": {
    "criteria": {
      "has_glass": "2024-11-10 22:52:26 +0000"
    },
    "done": true
  },
  "minecraft:recipes/food/cooked_beef": {
    "criteria": {
      "has_beef": "2024-11-10 02:05:59 +0000"
    },
    "done": true
  },
  "minecraft:recipes/building_blocks/smooth_quartz_stairs_from_smooth_quartz_stonecutting": {
    "criteria": {
      "has_smooth_quartz": "2024-11-09 21:19:30 +0000"
    },
    "done": true
  },
  "minecraft:recipes/redstone/iron_door": {
    "criteria": {
      "has_iron_ingot": "2024-11-10 01:45:09 +0000"
    },
    "done": true
  },
  "minecraft:recipes/travelersbackpack/horse_smithing_iron": {
    "criteria": {
      "has_iron_tier_upgrade": "2024-11-10 23:03:36 +0000"
    },
    "done": true
  },
  "securitycraft:recipes/securitycraft/reinforced_purple_stained_glass": {
    "criteria": {
      "has_glass": "2024-11-10 22:52:26 +0000"
    },
    "done": true
  },
  "minecraft:recipes/misc/copper_ingot_from_smelting_raw_copper": {
    "criteria": {
      "has_raw_copper": "2024-11-10 01:33:45 +0000"
    },
    "done": true
  },
  "additionalguns:recipes/additionalguns/casing_special": {
    "criteria": {
      "has_iron_nugget": "2024-11-10 21:53:33 +0000"
    },
    "done": true
  },
  "minecraft:recipes/misc/iron_ingot_from_nuggets": {
    "criteria": {
      "has_iron_nugget": "2024-11-10 21:53:33 +0000"
    },
    "done": true
  },
  "securitycraft:recipes/securitycraft/reinforced_pink_stained_glass_pane_from_dye": {
    "criteria": {
      "has_glass": "2024-11-10 22:52:26 +0000"
    },
    "done": true
  },
  "minecraft:recipes/redstone/oak_door": {
    "criteria": {
      "has_planks": "2024-11-10 01:26:06 +0000"
    },
    "done": true
  },
  "minecraft:recipes/travelersbackpack/quartz_smithing_iron": {
    "criteria": {
      "has_iron_tier_upgrade": "2024-11-10 23:03:36 +0000"
    },
    "done": true
  },
  "securitycraft:recipes/securitycraft/motion_activated_light": {
    "criteria": {
      "has_stick": "2024-11-09 21:19:06 +0000"
    },
    "done": true
  },
  "securitycraft:recipes/securitycraft/reinforced_lime_stained_glass_pane_from_dye": {
    "criteria": {
      "has_glass": "2024-11-10 22:52:26 +0000"
    },
    "done": true
  },
  "minecraft:recipes/transportation/jungle_boat": {
    "criteria": {
      "in_water": "2024-11-10 01:26:39 +0000"
    },
    "done": true
  },
  "cgm:recipes/cgm/pistol": {
    "criteria": {
      "has_iron_ingot": "2024-11-10 01:45:09 +0000"
    },
    "done": true
  },
  "minecraft:recipes/building_blocks/exposed_cut_copper": {
    "criteria": {
      "has_exposed_copper": "2024-11-10 02:08:25 +0000"
    },
    "done": true
  },
  "minecraft:recipes/decorations/stone_brick_walls_from_stone_stonecutting": {
    "criteria": {
      "has_stone": "2024-11-09 21:19:30 +0000"
    },
    "done": true
  },
  "securitycraft:recipes/securitycraft/mine": {
    "criteria": {
      "has_iron": "2024-11-10 01:45:09 +0000"
    },
    "done": true
  },
  "minecraft:recipes/travelersbackpack/skeleton_smithing_iron": {
    "criteria": {
      "has_iron_tier_upgrade": "2024-11-10 23:03:36 +0000"
    },
    "done": true
  },
  "minecraft:recipes/travelersbackpack/hay_smithing_iron": {
    "criteria": {
      "has_iron_tier_upgrade": "2024-11-10 23:03:36 +0000"
    },
    "done": true
  },
  "minecraft:recipes/redstone/heavy_weighted_pressure_plate": {
    "criteria": {
      "has_iron_ingot": "2024-11-10 01:45:09 +0000"
    },
    "done": true
  },
  "minecraft:recipes/decorations/glow_item_frame": {
    "criteria": {
      "has_glow_ink_sac": "2024-11-09 21:21:28 +0000"
    },
    "done": true
  },
  "minecraft:recipes/transportation/dark_oak_boat": {
    "criteria": {
      "in_water": "2024-11-10 01:26:39 +0000"
    },
    "done": true
  },
  "minecraft:recipes/transportation/carrot_on_a_stick": {
    "criteria": {
      "has_carrot": "2024-11-10 02:47:17 +0000"
    },
    "done": true
  },
  "minecraft:recipes/redstone/daylight_detector": {
    "criteria": {
      "has_quartz": "2024-11-10 22:39:03 +0000"
    },
    "done": true
  },
  "minecraft:recipes/building_blocks/pink_wool": {
    "criteria": {
      "has_white_wool": "2024-11-10 02:47:17 +0000"
    },
    "done": true
  },
  "additionalguns:recipes/additionalguns/mat_49": {
    "criteria": {
      "has_oak_planks": "2024-11-10 01:26:06 +0000"
    },
    "done": true
  },
  "cgm:recipes/cgm/short_scope": {
    "criteria": {
      "has_redstone": "2024-11-10 01:45:10 +0000"
    },
    "done": true
  },
  "minecraft:husbandry/breed_an_animal": {
    "criteria": {
      "bred": "2024-11-10 01:30:10 +0000"
    },
    "done": true
  },
  "minecraft:recipes/travelersbackpack/netherite_smithing_iron": {
    "criteria": {
      "has_iron_tier_upgrade": "2024-11-10 23:03:36 +0000"
    },
    "done": true
  },
  "securitycraft:recipes/securitycraft/reinforced_white_stained_glass": {
    "criteria": {
      "has_glass": "2024-11-10 22:52:26 +0000"
    },
    "done": true
  },
  "securitycraft:recipes/securitycraft/briefcase": {
    "criteria": {
      "has_iron": "2024-11-10 01:45:09 +0000"
    },
    "done": true
  },
  "minecraft:recipes/redstone/piston": {
    "criteria": {
      "has_redstone": "2024-11-10 01:45:10 +0000"
    },
    "done": true
  },
  "minecraft:recipes/combat/golden_leggings": {
    "criteria": {
      "has_gold_ingot": "2024-11-10 22:48:09 +0000"
    },
    "done": true
  },
  "minecraft:recipes/building_blocks/stone_stairs": {
    "criteria": {
      "has_stone": "2024-11-09 21:19:30 +0000"
    },
    "done": true
  },
  "securitycraft:recipes/securitycraft/secret_birch_sign_item": {
    "criteria": {
      "has_sign": "2024-11-09 21:21:21 +0000"
    },
    "done": true
  },
  "minecraft:recipes/transportation/rail": {
    "criteria": {
      "has_minecart": "2024-11-08 00:54:12 +0000"
    },
    "done": true
  },
  "minecraft:recipes/food/cooked_beef_from_campfire_cooking": {
    "criteria": {
      "has_beef": "2024-11-10 02:05:59 +0000"
    },
    "done": true
  },
  "minecraft:recipes/combat/diamond_boots": {
    "criteria": {
      "has_diamond": "2024-11-10 22:39:19 +0000"
    },
    "done": true
  },
  "securitycraft:recipes/securitycraft/reinforced_fence_gate": {
    "criteria": {
      "has_iron": "2024-11-10 01:45:09 +0000"
    },
    "done": true
  },
  "minecraft:recipes/travelersbackpack/emerald_smithing_iron": {
    "criteria": {
      "has_iron_tier_upgrade": "2024-11-10 23:03:36 +0000"
    },
    "done": true
  },
  "minecraft:recipes/decorations/soul_campfire": {
    "criteria": {
      "has_stick": "2024-11-09 21:19:06 +0000"
    },
    "done": true
  },
  "minecraft:story/smelt_iron": {
    "criteria": {
      "iron": "2024-11-10 01:45:09 +0000"
    },
    "done": true
  },
  "securitycraft:recipes/securitycraft/secret_sign_item": {
    "criteria": {
      "has_sign": "2024-11-09 21:21:21 +0000"
    },
    "done": true
  },
  "minecraft:recipes/building_blocks/pink_stained_glass": {
    "criteria": {
      "has_glass": "2024-11-10 22:52:26 +0000"
    },
    "done": true
  },
  "minecraft:recipes/building_blocks/bone_block": {
    "criteria": {
      "has_bone_meal": "2024-11-09 21:18:50 +0000"
    },
    "done": true
  },
  "DataVersion": 3120
}